study,folder,filename,file_type,filepath,num_columns
Study_10,Study 10_CPID_Input Files - Anonymization,Study 10_Compiled_EDRR_14-Nov-2025_updated.xlsx,edrr,Z:\PGDBA Content\Competition\Nest 2.0\data\Study 10_CPID_Input Files - Anonymization\Study 10_Compiled_EDRR_14-Nov-2025_updated.xlsx,4
Study_10,Study 10_CPID_Input Files - Anonymization,Study 10_CPID_EDC_Metrics_URSV2.0_14-Nov-2025_updated.xlsx,edc_metrics,Z:\PGDBA Content\Competition\Nest 2.0\data\Study 10_CPID_Input Files - Anonymization\Study 10_CPID_EDC_Metrics_URSV2.0_14-Nov-2025_updated.xlsx,44
Study_10,Study 10_CPID_Input Files - Anonymization,Study 10_eSAE Dashboard_DM_Safety_updated.xlsx,sae_dashboard,Z:\PGDBA Content\Competition\Nest 2.0\data\Study 10_CPID_Input Files - Anonymization\Study 10_eSAE Dashboard_DM_Safety_updated.xlsx,9
Study_10,Study 10_CPID_Input Files - Anonymization,Study 10_GlobalCodingReport_MedDRA_14-Nov-2025_updated.xlsx,meddra_coding,Z:\PGDBA Content\Competition\Nest 2.0\data\Study 10_CPID_Input Files - Anonymization\Study 10_GlobalCodingReport_MedDRA_14-Nov-2025_updated.xlsx,10
Study_10,Study 10_CPID_Input Files - Anonymization,Study 10_GlobalCodingReport_WHODD-14-Nov-2025_updated.xlsx,whodd_coding,Z:\PGDBA Content\Competition\Nest 2.0\data\Study 10_CPID_Input Files - Anonymization\Study 10_GlobalCodingReport_WHODD-14-Nov-2025_updated.xlsx,10
Study_10,Study 10_CPID_Input Files - Anonymization,Study 10_Global_Missing_Pages_Report_14-Nov-2025_updated.xlsx,missing_pages,Z:\PGDBA Content\Competition\Nest 2.0\data\Study 10_CPID_Input Files - Anonymization\Study 10_Global_Missing_Pages_Report_14-Nov-2025_updated.xlsx,11
Study_10,Study 10_CPID_Input Files - Anonymization,"Study 10_Inactivated Folders, Forms and Records Report_14-Nov-2025_updated.xlsx",inactivated,"Z:\PGDBA Content\Competition\Nest 2.0\data\Study 10_CPID_Input Files - Anonymization\Study 10_Inactivated Folders, Forms and Records Report_14-Nov-2025_updated.xlsx",8
Study_10,Study 10_CPID_Input Files - Anonymization,Study 10_Missing_Lab_Name_and_Missing_Ranges_14NOV2025_updated.xlsx,missing_lab,Z:\PGDBA Content\Competition\Nest 2.0\data\Study 10_CPID_Input Files - Anonymization\Study 10_Missing_Lab_Name_and_Missing_Ranges_14NOV2025_updated.xlsx,11
Study_10,Study 10_CPID_Input Files - Anonymization,Study 10_Visit Projection Tracker_14NOV2025_updated.xlsx,visit_tracker,Z:\PGDBA Content\Competition\Nest 2.0\data\Study 10_CPID_Input Files - Anonymization\Study 10_Visit Projection Tracker_14NOV2025_updated.xlsx,6
Study_11,Study 11_CPID_Input Files - Anonymization,Study 11_Compiled_EDRR_2025_Oct_27_updated.xlsx,edrr,Z:\PGDBA Content\Competition\Nest 2.0\data\Study 11_CPID_Input Files - Anonymization\Study 11_Compiled_EDRR_2025_Oct_27_updated.xlsx,4
Study_11,Study 11_CPID_Input Files - Anonymization,Study 11_CPID_EDC_Metrics_URSV2.0_updated.xlsx,edc_metrics,Z:\PGDBA Content\Competition\Nest 2.0\data\Study 11_CPID_Input Files - Anonymization\Study 11_CPID_EDC_Metrics_URSV2.0_updated.xlsx,44
Study_11,Study 11_CPID_Input Files - Anonymization,Study 11_Global_Missing_Pages_Report_URSV5.0_updated.xlsx,missing_pages,Z:\PGDBA Content\Competition\Nest 2.0\data\Study 11_CPID_Input Files - Anonymization\Study 11_Global_Missing_Pages_Report_URSV5.0_updated.xlsx,11
Study_11,Study 11_CPID_Input Files - Anonymization,Study 11_inactivated reprot_updated.xlsx,inactivated,Z:\PGDBA Content\Competition\Nest 2.0\data\Study 11_CPID_Input Files - Anonymization\Study 11_inactivated reprot_updated.xlsx,8
Study_11,Study 11_CPID_Input Files - Anonymization,Study 11_MedDRA_updated.xlsx,meddra_coding,Z:\PGDBA Content\Competition\Nest 2.0\data\Study 11_CPID_Input Files - Anonymization\Study 11_MedDRA_updated.xlsx,10
Study_11,Study 11_CPID_Input Files - Anonymization,Study 11_Missing_Lab_Name_and_Missing_Ranges_IDR_13NOV2025_updated.xlsx,missing_lab,Z:\PGDBA Content\Competition\Nest 2.0\data\Study 11_CPID_Input Files - Anonymization\Study 11_Missing_Lab_Name_and_Missing_Ranges_IDR_13NOV2025_updated.xlsx,10
Study_11,Study 11_CPID_Input Files - Anonymization,Study 11_SAE Dashboard_Standard Metrics_14Nov2025_updated.xlsx,sae_dashboard,Z:\PGDBA Content\Competition\Nest 2.0\data\Study 11_CPID_Input Files - Anonymization\Study 11_SAE Dashboard_Standard Metrics_14Nov2025_updated.xlsx,8
Study_11,Study 11_CPID_Input Files - Anonymization,Study 11_Visit Projection Tracker_13NOV2025_updated.xlsx,visit_tracker,Z:\PGDBA Content\Competition\Nest 2.0\data\Study 11_CPID_Input Files - Anonymization\Study 11_Visit Projection Tracker_13NOV2025_updated.xlsx,6
Study_11,Study 11_CPID_Input Files - Anonymization,Study 11_WHODD_updated.xlsx,whodd_coding,Z:\PGDBA Content\Competition\Nest 2.0\data\Study 11_CPID_Input Files - Anonymization\Study 11_WHODD_updated.xlsx,10
Study_13,Study 13_CPID_Input Files - Anonymization,Study 13_Compiled_EDRR_14Nov25_updated.xlsx,edrr,Z:\PGDBA Content\Competition\Nest 2.0\data\Study 13_CPID_Input Files - Anonymization\Study 13_Compiled_EDRR_14Nov25_updated.xlsx,4
Study_13,Study 13_CPID_Input Files - Anonymization,Study 13_CPID_EDC_Metrics_URSV2.0_14NOV2025_updated.xlsx,edc_metrics,Z:\PGDBA Content\Competition\Nest 2.0\data\Study 13_CPID_Input Files - Anonymization\Study 13_CPID_EDC_Metrics_URSV2.0_14NOV2025_updated.xlsx,44
Study_13,Study 13_CPID_Input Files - Anonymization,Study 13_Global_Missing_Pages_Report_URSV3.0_14Nov25_updated.xlsx,missing_pages,Z:\PGDBA Content\Competition\Nest 2.0\data\Study 13_CPID_Input Files - Anonymization\Study 13_Global_Missing_Pages_Report_URSV3.0_14Nov25_updated.xlsx,11
Study_13,Study 13_CPID_Input Files - Anonymization,"Study 13_Inactivated Folders, Forms and Records Report_14Nov25_updated.xlsx",inactivated,"Z:\PGDBA Content\Competition\Nest 2.0\data\Study 13_CPID_Input Files - Anonymization\Study 13_Inactivated Folders, Forms and Records Report_14Nov25_updated.xlsx",8
Study_13,Study 13_CPID_Input Files - Anonymization,Study 13_MedDRA_14Nov25_updated.xlsx,meddra_coding,Z:\PGDBA Content\Competition\Nest 2.0\data\Study 13_CPID_Input Files - Anonymization\Study 13_MedDRA_14Nov25_updated.xlsx,10
Study_13,Study 13_CPID_Input Files - Anonymization,Study 13_Missing_Lab_Name_and_Missing_Ranges_IDR_14NOV2025_updated.xlsx,missing_lab,Z:\PGDBA Content\Competition\Nest 2.0\data\Study 13_CPID_Input Files - Anonymization\Study 13_Missing_Lab_Name_and_Missing_Ranges_IDR_14NOV2025_updated.xlsx,11
Study_13,Study 13_CPID_Input Files - Anonymization,Study 13_SAE Dashboard_Standard Metrics Input file_14Nov25_updated.xlsx,sae_dashboard,Z:\PGDBA Content\Competition\Nest 2.0\data\Study 13_CPID_Input Files - Anonymization\Study 13_SAE Dashboard_Standard Metrics Input file_14Nov25_updated.xlsx,9
Study_13,Study 13_CPID_Input Files - Anonymization,Study 13_Visit Projection Tracker_14NOV2025_updated.xlsx,visit_tracker,Z:\PGDBA Content\Competition\Nest 2.0\data\Study 13_CPID_Input Files - Anonymization\Study 13_Visit Projection Tracker_14NOV2025_updated.xlsx,6
Study_13,Study 13_CPID_Input Files - Anonymization,Study 13_WHODD_14Nov25_updated.xlsx,whodd_coding,Z:\PGDBA Content\Competition\Nest 2.0\data\Study 13_CPID_Input Files - Anonymization\Study 13_WHODD_14Nov25_updated.xlsx,10
Study_14,Study 14_CPID_Input Files - Anonymization,CPID_EDC_Metrics_URSV2.0_updated.xlsx,edc_metrics,Z:\PGDBA Content\Competition\Nest 2.0\data\Study 14_CPID_Input Files - Anonymization\CPID_EDC_Metrics_URSV2.0_updated.xlsx,44
Study_14,Study 14_CPID_Input Files - Anonymization,GlobalCodingReport_MedRA CodingReport_Nov2025_updated.xlsx,meddra_coding,Z:\PGDBA Content\Competition\Nest 2.0\data\Study 14_CPID_Input Files - Anonymization\GlobalCodingReport_MedRA CodingReport_Nov2025_updated.xlsx,10
Study_14,Study 14_CPID_Input Files - Anonymization,GlobalCodingReport_WHODrug Coding Report_Nov 2025_updated.xlsx,whodd_coding,Z:\PGDBA Content\Competition\Nest 2.0\data\Study 14_CPID_Input Files - Anonymization\GlobalCodingReport_WHODrug Coding Report_Nov 2025_updated.xlsx,10
Study_14,Study 14_CPID_Input Files - Anonymization,Global_Missing_Pages_Report_URSV3.0_updated.xlsx,missing_pages,Z:\PGDBA Content\Competition\Nest 2.0\data\Study 14_CPID_Input Files - Anonymization\Global_Missing_Pages_Report_URSV3.0_updated.xlsx,11
Study_14,Study 14_CPID_Input Files - Anonymization,SAE Dashboard_Standard Metrics Input file template V2.0_updated.xlsx,sae_dashboard,Z:\PGDBA Content\Competition\Nest 2.0\data\Study 14_CPID_Input Files - Anonymization\SAE Dashboard_Standard Metrics Input file template V2.0_updated.xlsx,9
Study_14,Study 14_CPID_Input Files - Anonymization,Study 14_Compiled_EDRR_2025_Nov_13_updated.xlsx,edrr,Z:\PGDBA Content\Competition\Nest 2.0\data\Study 14_CPID_Input Files - Anonymization\Study 14_Compiled_EDRR_2025_Nov_13_updated.xlsx,4
Study_14,Study 14_CPID_Input Files - Anonymization,"Study 14_Inactivated Folders, Forms and Report_13NOV2025_updated.xlsx",inactivated,"Z:\PGDBA Content\Competition\Nest 2.0\data\Study 14_CPID_Input Files - Anonymization\Study 14_Inactivated Folders, Forms and Report_13NOV2025_updated.xlsx",8
Study_14,Study 14_CPID_Input Files - Anonymization,Study 14_Missing_Lab_Name_and_Missing_Ranges_IDR_NICR_13NOV2025_updated.xlsx,missing_lab,Z:\PGDBA Content\Competition\Nest 2.0\data\Study 14_CPID_Input Files - Anonymization\Study 14_Missing_Lab_Name_and_Missing_Ranges_IDR_NICR_13NOV2025_updated.xlsx,11
Study_14,Study 14_CPID_Input Files - Anonymization,Study 14_Visit Projection Tracker_13NOV2025_updated.xlsx,visit_tracker,Z:\PGDBA Content\Competition\Nest 2.0\data\Study 14_CPID_Input Files - Anonymization\Study 14_Visit Projection Tracker_13NOV2025_updated.xlsx,6
Study_15,STUDY 15_CPID_Input Files - Anonymization,Compiled EDRR_Standard Metrics_updated.xlsx,edrr,Z:\PGDBA Content\Competition\Nest 2.0\data\STUDY 15_CPID_Input Files - Anonymization\Compiled EDRR_Standard Metrics_updated.xlsx,4
Study_15,STUDY 15_CPID_Input Files - Anonymization,CPID_EDC_Metrics_URSV2.0_updated.xlsx,edc_metrics,Z:\PGDBA Content\Competition\Nest 2.0\data\STUDY 15_CPID_Input Files - Anonymization\CPID_EDC_Metrics_URSV2.0_updated.xlsx,44
Study_15,STUDY 15_CPID_Input Files - Anonymization,GlobalCodingReport_MedDRA_updated.xlsx,meddra_coding,Z:\PGDBA Content\Competition\Nest 2.0\data\STUDY 15_CPID_Input Files - Anonymization\GlobalCodingReport_MedDRA_updated.xlsx,10
Study_15,STUDY 15_CPID_Input Files - Anonymization,GlobalCodingReport_WHODD_updated.xlsx,whodd_coding,Z:\PGDBA Content\Competition\Nest 2.0\data\STUDY 15_CPID_Input Files - Anonymization\GlobalCodingReport_WHODD_updated.xlsx,10
Study_15,STUDY 15_CPID_Input Files - Anonymization,Global_Missing_Pages_Report_URSV3.0_updated.xlsx,missing_pages,Z:\PGDBA Content\Competition\Nest 2.0\data\STUDY 15_CPID_Input Files - Anonymization\Global_Missing_Pages_Report_URSV3.0_updated.xlsx,11
Study_15,STUDY 15_CPID_Input Files - Anonymization,Inactivated Folders Forms and Records Report_updated.xlsx,inactivated,Z:\PGDBA Content\Competition\Nest 2.0\data\STUDY 15_CPID_Input Files - Anonymization\Inactivated Folders Forms and Records Report_updated.xlsx,8
Study_15,STUDY 15_CPID_Input Files - Anonymization,Missing_Lab_Name_and_Missing_Ranges_IDR_updated.xlsx,missing_lab,Z:\PGDBA Content\Competition\Nest 2.0\data\STUDY 15_CPID_Input Files - Anonymization\Missing_Lab_Name_and_Missing_Ranges_IDR_updated.xlsx,11
Study_15,STUDY 15_CPID_Input Files - Anonymization,SAE Dashboard_Standard Metrics Input file template V2.0_updated.xlsx,sae_dashboard,Z:\PGDBA Content\Competition\Nest 2.0\data\STUDY 15_CPID_Input Files - Anonymization\SAE Dashboard_Standard Metrics Input file template V2.0_updated.xlsx,9
Study_15,STUDY 15_CPID_Input Files - Anonymization,Visit Projection tracker_updated.xlsx,visit_tracker,Z:\PGDBA Content\Competition\Nest 2.0\data\STUDY 15_CPID_Input Files - Anonymization\Visit Projection tracker_updated.xlsx,6
Study_16,Study 16_CPID_Input Files - Anonymization,CPID_EDC_Metrics_URSV2.0 (3)_updated.xlsx,edc_metrics,Z:\PGDBA Content\Competition\Nest 2.0\data\Study 16_CPID_Input Files - Anonymization\CPID_EDC_Metrics_URSV2.0 (3)_updated.xlsx,44
Study_16,Study 16_CPID_Input Files - Anonymization,eSAE_updated_30-Oct-2025_updated.xlsx,sae_dashboard,Z:\PGDBA Content\Competition\Nest 2.0\data\Study 16_CPID_Input Files - Anonymization\eSAE_updated_30-Oct-2025_updated.xlsx,9
Study_16,Study 16_CPID_Input Files - Anonymization,GlobalCodingReport_MedDRA_updated.xlsx,meddra_coding,Z:\PGDBA Content\Competition\Nest 2.0\data\Study 16_CPID_Input Files - Anonymization\GlobalCodingReport_MedDRA_updated.xlsx,10
Study_16,Study 16_CPID_Input Files - Anonymization,GlobalCodingReport_WHODD_updated.xlsx,whodd_coding,Z:\PGDBA Content\Competition\Nest 2.0\data\Study 16_CPID_Input Files - Anonymization\GlobalCodingReport_WHODD_updated.xlsx,10
Study_16,Study 16_CPID_Input Files - Anonymization,Global_Missing_Pages_Report_URSV3.0 (17)_updated.xlsx,missing_pages,Z:\PGDBA Content\Competition\Nest 2.0\data\Study 16_CPID_Input Files - Anonymization\Global_Missing_Pages_Report_URSV3.0 (17)_updated.xlsx,11
Study_16,Study 16_CPID_Input Files - Anonymization,"Inactivated Folders, Forms and Records Report_updated.xlsx",inactivated,"Z:\PGDBA Content\Competition\Nest 2.0\data\Study 16_CPID_Input Files - Anonymization\Inactivated Folders, Forms and Records Report_updated.xlsx",8
Study_16,Study 16_CPID_Input Files - Anonymization,Study 16_Compiled_EDRR_updated.xlsx,edrr,Z:\PGDBA Content\Competition\Nest 2.0\data\Study 16_CPID_Input Files - Anonymization\Study 16_Compiled_EDRR_updated.xlsx,4
Study_16,Study 16_CPID_Input Files - Anonymization,Study 16_Missing_Lab_Name_and_Missing_Ranges_updated.xlsx,missing_lab,Z:\PGDBA Content\Competition\Nest 2.0\data\Study 16_CPID_Input Files - Anonymization\Study 16_Missing_Lab_Name_and_Missing_Ranges_updated.xlsx,10
Study_16,Study 16_CPID_Input Files - Anonymization,Study 16_Visit Projection Tracker_updated.xlsx,visit_tracker,Z:\PGDBA Content\Competition\Nest 2.0\data\Study 16_CPID_Input Files - Anonymization\Study 16_Visit Projection Tracker_updated.xlsx,6
Study_17,Study 17_CPID_Input Files - Anonymization,Compiled EDRR_updated.xlsx,edrr,Z:\PGDBA Content\Competition\Nest 2.0\data\Study 17_CPID_Input Files - Anonymization\Compiled EDRR_updated.xlsx,4
Study_17,Study 17_CPID_Input Files - Anonymization,CPID_EDC Metrics_updated.xlsx,edc_metrics,Z:\PGDBA Content\Competition\Nest 2.0\data\Study 17_CPID_Input Files - Anonymization\CPID_EDC Metrics_updated.xlsx,44
Study_17,Study 17_CPID_Input Files - Anonymization,GlobalCodingReport_MedDRA_updated.xlsx,meddra_coding,Z:\PGDBA Content\Competition\Nest 2.0\data\Study 17_CPID_Input Files - Anonymization\GlobalCodingReport_MedDRA_updated.xlsx,10
Study_17,Study 17_CPID_Input Files - Anonymization,GlobalCodingReport_WHODD_updated.xlsx,whodd_coding,Z:\PGDBA Content\Competition\Nest 2.0\data\Study 17_CPID_Input Files - Anonymization\GlobalCodingReport_WHODD_updated.xlsx,10
Study_17,Study 17_CPID_Input Files - Anonymization,Inactivated Form Folder Report_updated.xlsx,inactivated,Z:\PGDBA Content\Competition\Nest 2.0\data\Study 17_CPID_Input Files - Anonymization\Inactivated Form Folder Report_updated.xlsx,8
Study_17,Study 17_CPID_Input Files - Anonymization,Missing Lab & Range Report_updated.xlsx,missing_lab,Z:\PGDBA Content\Competition\Nest 2.0\data\Study 17_CPID_Input Files - Anonymization\Missing Lab & Range Report_updated.xlsx,11
Study_17,Study 17_CPID_Input Files - Anonymization,Missing Page Report_updated.xlsx,missing_pages,Z:\PGDBA Content\Competition\Nest 2.0\data\Study 17_CPID_Input Files - Anonymization\Missing Page Report_updated.xlsx,11
Study_17,Study 17_CPID_Input Files - Anonymization,SAE Dashboard_updated.xlsx,sae_dashboard,Z:\PGDBA Content\Competition\Nest 2.0\data\Study 17_CPID_Input Files - Anonymization\SAE Dashboard_updated.xlsx,9
Study_17,Study 17_CPID_Input Files - Anonymization,Visit Projection Tracker_updated.xlsx,visit_tracker,Z:\PGDBA Content\Competition\Nest 2.0\data\Study 17_CPID_Input Files - Anonymization\Visit Projection Tracker_updated.xlsx,6
Study_18,Study 18_CPID_Input Files - Anonymization,Study 18_Compiled EDRR_Standard Metrics Input file template_V1.0_updated.xlsx,edrr,Z:\PGDBA Content\Competition\Nest 2.0\data\Study 18_CPID_Input Files - Anonymization\Study 18_Compiled EDRR_Standard Metrics Input file template_V1.0_updated.xlsx,4
Study_18,Study 18_CPID_Input Files - Anonymization,Study 18_CPID_EDC_Metrics_URSV2.0_updated.xlsx,edc_metrics,Z:\PGDBA Content\Competition\Nest 2.0\data\Study 18_CPID_Input Files - Anonymization\Study 18_CPID_EDC_Metrics_URSV2.0_updated.xlsx,44
Study_18,Study 18_CPID_Input Files - Anonymization,Study 18_GlobalCodingReport_MedDRA_updated.xlsx,meddra_coding,Z:\PGDBA Content\Competition\Nest 2.0\data\Study 18_CPID_Input Files - Anonymization\Study 18_GlobalCodingReport_MedDRA_updated.xlsx,10
Study_18,Study 18_CPID_Input Files - Anonymization,Study 18_GlobalCodingReport_WHODD_updated.xlsx,whodd_coding,Z:\PGDBA Content\Competition\Nest 2.0\data\Study 18_CPID_Input Files - Anonymization\Study 18_GlobalCodingReport_WHODD_updated.xlsx,10
Study_18,Study 18_CPID_Input Files - Anonymization,Study 18_Global_Missing_Pages_Report_URSV3.0 (18)_updated.xlsx,missing_pages,Z:\PGDBA Content\Competition\Nest 2.0\data\Study 18_CPID_Input Files - Anonymization\Study 18_Global_Missing_Pages_Report_URSV3.0 (18)_updated.xlsx,11
Study_18,Study 18_CPID_Input Files - Anonymization,Study 18_Inactivated page report_updated.xlsx,inactivated,Z:\PGDBA Content\Competition\Nest 2.0\data\Study 18_CPID_Input Files - Anonymization\Study 18_Inactivated page report_updated.xlsx,9
Study_18,Study 18_CPID_Input Files - Anonymization,Study 18_Missing LNR_Standard Metrics Input File template V2.0_updated.xlsx,missing_lab,Z:\PGDBA Content\Competition\Nest 2.0\data\Study 18_CPID_Input Files - Anonymization\Study 18_Missing LNR_Standard Metrics Input File template V2.0_updated.xlsx,11
Study_18,Study 18_CPID_Input Files - Anonymization,Study 18_SAE Dashboard_Standard Metrics Input file template V2.0_updated.xlsx,sae_dashboard,Z:\PGDBA Content\Competition\Nest 2.0\data\Study 18_CPID_Input Files - Anonymization\Study 18_SAE Dashboard_Standard Metrics Input file template V2.0_updated.xlsx,9
Study_18,Study 18_CPID_Input Files - Anonymization,Study 18_Visit Projection tracker_updated.xlsx,visit_tracker,Z:\PGDBA Content\Competition\Nest 2.0\data\Study 18_CPID_Input Files - Anonymization\Study 18_Visit Projection tracker_updated.xlsx,6
Study_19,STUDY 19_CPID_Input Files - Anonymization,Study 19_Compiled_EDRR_updated.xlsx,edrr,Z:\PGDBA Content\Competition\Nest 2.0\data\STUDY 19_CPID_Input Files - Anonymization\Study 19_Compiled_EDRR_updated.xlsx,4
Study_19,STUDY 19_CPID_Input Files - Anonymization,Study 19_CPID_EDC_Metrics_URSV2.0_updated.xlsx,edc_metrics,Z:\PGDBA Content\Competition\Nest 2.0\data\STUDY 19_CPID_Input Files - Anonymization\Study 19_CPID_EDC_Metrics_URSV2.0_updated.xlsx,44
Study_19,STUDY 19_CPID_Input Files - Anonymization,Study 19_eSAE Dashboard DM_Safety_updated.xlsx,sae_dashboard,Z:\PGDBA Content\Competition\Nest 2.0\data\STUDY 19_CPID_Input Files - Anonymization\Study 19_eSAE Dashboard DM_Safety_updated.xlsx,9
Study_19,STUDY 19_CPID_Input Files - Anonymization,Study 19_Global_Missing_Pages_Report_URSV3.0_updated.xlsx,missing_pages,Z:\PGDBA Content\Competition\Nest 2.0\data\STUDY 19_CPID_Input Files - Anonymization\Study 19_Global_Missing_Pages_Report_URSV3.0_updated.xlsx,10
Study_19,STUDY 19_CPID_Input Files - Anonymization,Study 19_Inactivated Form Folder Report_updated.xlsx,inactivated,Z:\PGDBA Content\Competition\Nest 2.0\data\STUDY 19_CPID_Input Files - Anonymization\Study 19_Inactivated Form Folder Report_updated.xlsx,8
Study_19,STUDY 19_CPID_Input Files - Anonymization,Study 19_MedDRA_updated.xlsx,meddra_coding,Z:\PGDBA Content\Competition\Nest 2.0\data\STUDY 19_CPID_Input Files - Anonymization\Study 19_MedDRA_updated.xlsx,10
Study_19,STUDY 19_CPID_Input Files - Anonymization,Study 19_Missing_Lab_Name_and_Missing_Ranges_IDR_14NOV2025_updated.xlsx,missing_lab,Z:\PGDBA Content\Competition\Nest 2.0\data\STUDY 19_CPID_Input Files - Anonymization\Study 19_Missing_Lab_Name_and_Missing_Ranges_IDR_14NOV2025_updated.xlsx,10
Study_19,STUDY 19_CPID_Input Files - Anonymization,Study 19_Visit Projection Tracker_14NOV2025_updated.xlsx,visit_tracker,Z:\PGDBA Content\Competition\Nest 2.0\data\STUDY 19_CPID_Input Files - Anonymization\Study 19_Visit Projection Tracker_14NOV2025_updated.xlsx,6
Study_19,STUDY 19_CPID_Input Files - Anonymization,Study 19_WHODD_updated.xlsx,whodd_coding,Z:\PGDBA Content\Competition\Nest 2.0\data\STUDY 19_CPID_Input Files - Anonymization\Study 19_WHODD_updated.xlsx,10
Study_1,Study 1_CPID_Input Files - Anonymization,Study 1_Compiled_EDRR_updated.xlsx,edrr,Z:\PGDBA Content\Competition\Nest 2.0\data\Study 1_CPID_Input Files - Anonymization\Study 1_Compiled_EDRR_updated.xlsx,4
Study_1,Study 1_CPID_Input Files - Anonymization,Study 1_CPID_EDC_Metrics_URSV2.0_14 NOV 2025_updated.xlsx,edc_metrics,Z:\PGDBA Content\Competition\Nest 2.0\data\Study 1_CPID_Input Files - Anonymization\Study 1_CPID_EDC_Metrics_URSV2.0_14 NOV 2025_updated.xlsx,44
Study_1,Study 1_CPID_Input Files - Anonymization,Study 1_eSAE Dashboard_Standard DM_Safety Report_updated.xlsx,sae_dashboard,Z:\PGDBA Content\Competition\Nest 2.0\data\Study 1_CPID_Input Files - Anonymization\Study 1_eSAE Dashboard_Standard DM_Safety Report_updated.xlsx,9
Study_1,Study 1_CPID_Input Files - Anonymization,Study 1_GlobalCodingReport_MedDRA_updated.xlsx,meddra_coding,Z:\PGDBA Content\Competition\Nest 2.0\data\Study 1_CPID_Input Files - Anonymization\Study 1_GlobalCodingReport_MedDRA_updated.xlsx,10
Study_1,Study 1_CPID_Input Files - Anonymization,Study 1_GlobalCodingReport_WHODD_updated.xlsx,whodd_coding,Z:\PGDBA Content\Competition\Nest 2.0\data\Study 1_CPID_Input Files - Anonymization\Study 1_GlobalCodingReport_WHODD_updated.xlsx,10
Study_1,Study 1_CPID_Input Files - Anonymization,"Study 1_Inactivated Forms, Folders and  Records Report_updated.xlsx",inactivated,"Z:\PGDBA Content\Competition\Nest 2.0\data\Study 1_CPID_Input Files - Anonymization\Study 1_Inactivated Forms, Folders and  Records Report_updated.xlsx",8
Study_1,Study 1_CPID_Input Files - Anonymization,Study 1_Missing_Lab_Name_and_Missing_Ranges_14NOV2025_updated.xlsx,missing_lab,Z:\PGDBA Content\Competition\Nest 2.0\data\Study 1_CPID_Input Files - Anonymization\Study 1_Missing_Lab_Name_and_Missing_Ranges_14NOV2025_updated.xlsx,10
Study_1,Study 1_CPID_Input Files - Anonymization,Study 1_Missing_Pages_Report_URSV3.0_14 NOV 2025_updated.xlsx,missing_pages,Z:\PGDBA Content\Competition\Nest 2.0\data\Study 1_CPID_Input Files - Anonymization\Study 1_Missing_Pages_Report_URSV3.0_14 NOV 2025_updated.xlsx,9
Study_1,Study 1_CPID_Input Files - Anonymization,Study 1_Visit Projection Tracker_14NOV2025_updated.xlsx,visit_tracker,Z:\PGDBA Content\Competition\Nest 2.0\data\Study 1_CPID_Input Files - Anonymization\Study 1_Visit Projection Tracker_14NOV2025_updated.xlsx,6
Study_20,STUDY 20__CPID_Input Files - Anonymization,Compiled_EDRR_updated.xlsx,edrr,Z:\PGDBA Content\Competition\Nest 2.0\data\STUDY 20__CPID_Input Files - Anonymization\Compiled_EDRR_updated.xlsx,4
Study_20,STUDY 20__CPID_Input Files - Anonymization,CPID_EDC_Metrics_URSV2.0_updated.xlsx,edc_metrics,Z:\PGDBA Content\Competition\Nest 2.0\data\STUDY 20__CPID_Input Files - Anonymization\CPID_EDC_Metrics_URSV2.0_updated.xlsx,44
Study_20,STUDY 20__CPID_Input Files - Anonymization,eSAE Dashboard DM_Safety_updated.xlsx,sae_dashboard,Z:\PGDBA Content\Competition\Nest 2.0\data\STUDY 20__CPID_Input Files - Anonymization\eSAE Dashboard DM_Safety_updated.xlsx,9
Study_20,STUDY 20__CPID_Input Files - Anonymization,GlobalCodingReport MedDRA_updated.xlsx,meddra_coding,Z:\PGDBA Content\Competition\Nest 2.0\data\STUDY 20__CPID_Input Files - Anonymization\GlobalCodingReport MedDRA_updated.xlsx,10
Study_20,STUDY 20__CPID_Input Files - Anonymization,GlobalCodingReport WHODrug_updated.xlsx,whodd_coding,Z:\PGDBA Content\Competition\Nest 2.0\data\STUDY 20__CPID_Input Files - Anonymization\GlobalCodingReport WHODrug_updated.xlsx,10
Study_20,STUDY 20__CPID_Input Files - Anonymization,Global_Missing_Pages_Report_URSV3.0 (3)_updated.xlsx,missing_pages,Z:\PGDBA Content\Competition\Nest 2.0\data\STUDY 20__CPID_Input Files - Anonymization\Global_Missing_Pages_Report_URSV3.0 (3)_updated.xlsx,11
Study_20,STUDY 20__CPID_Input Files - Anonymization,Inactivated Form Folder Report_updated.xlsx,inactivated,Z:\PGDBA Content\Competition\Nest 2.0\data\STUDY 20__CPID_Input Files - Anonymization\Inactivated Form Folder Report_updated.xlsx,8
Study_20,STUDY 20__CPID_Input Files - Anonymization,Missing_Lab_Name_and_Missing_Ranges_updated.xlsx,missing_lab,Z:\PGDBA Content\Competition\Nest 2.0\data\STUDY 20__CPID_Input Files - Anonymization\Missing_Lab_Name_and_Missing_Ranges_updated.xlsx,11
Study_20,STUDY 20__CPID_Input Files - Anonymization,Visit Projection Tracker_updated.xlsx,visit_tracker,Z:\PGDBA Content\Competition\Nest 2.0\data\STUDY 20__CPID_Input Files - Anonymization\Visit Projection Tracker_updated.xlsx,6
Study_21,STUDY 21_CPID_Input Files - Anonymization,Compiled_EDRR_2025_Nov_12_12_17_01_updated.xlsx,edrr,Z:\PGDBA Content\Competition\Nest 2.0\data\STUDY 21_CPID_Input Files - Anonymization\Compiled_EDRR_2025_Nov_12_12_17_01_updated.xlsx,4
Study_21,STUDY 21_CPID_Input Files - Anonymization,CPID_EDC Metrics_URSV2.0 (1) 1_updated.xlsx,edc_metrics,Z:\PGDBA Content\Competition\Nest 2.0\data\STUDY 21_CPID_Input Files - Anonymization\CPID_EDC Metrics_URSV2.0 (1) 1_updated.xlsx,44
Study_21,STUDY 21_CPID_Input Files - Anonymization,Global Coding Report_Medra 4_updated.xlsx,meddra_coding,Z:\PGDBA Content\Competition\Nest 2.0\data\STUDY 21_CPID_Input Files - Anonymization\Global Coding Report_Medra 4_updated.xlsx,10
Study_21,STUDY 21_CPID_Input Files - Anonymization,Global Coding Report_WHODD 4_updated.xlsx,whodd_coding,Z:\PGDBA Content\Competition\Nest 2.0\data\STUDY 21_CPID_Input Files - Anonymization\Global Coding Report_WHODD 4_updated.xlsx,10
Study_21,STUDY 21_CPID_Input Files - Anonymization,Inactivated report_updated.xlsx,inactivated,Z:\PGDBA Content\Competition\Nest 2.0\data\STUDY 21_CPID_Input Files - Anonymization\Inactivated report_updated.xlsx,6
Study_21,STUDY 21_CPID_Input Files - Anonymization,Missing LNR_Standard Metrics Input File template V1.0_updated.xlsx (1) 3_updated.xlsx,missing_lab,Z:\PGDBA Content\Competition\Nest 2.0\data\STUDY 21_CPID_Input Files - Anonymization\Missing LNR_Standard Metrics Input File template V1.0_updated.xlsx (1) 3_updated.xlsx,11
Study_21,STUDY 21_CPID_Input Files - Anonymization,SAE Dashboard_Standard Metrics Input file template V1.0_updated.xlsx (1) (2)_updated.xlsx,sae_dashboard,Z:\PGDBA Content\Competition\Nest 2.0\data\STUDY 21_CPID_Input Files - Anonymization\SAE Dashboard_Standard Metrics Input file template V1.0_updated.xlsx (1) (2)_updated.xlsx,9
Study_21,STUDY 21_CPID_Input Files - Anonymization,Study 21_Missing_Pages_Report_06Nov2025_updated.xlsx,missing_pages,Z:\PGDBA Content\Competition\Nest 2.0\data\STUDY 21_CPID_Input Files - Anonymization\Study 21_Missing_Pages_Report_06Nov2025_updated.xlsx,11
Study_21,STUDY 21_CPID_Input Files - Anonymization,Study 21_Visit_Projection_Tracker_1_30OCT2025_NIMMASW1.xls (2)_updated.xlsx,visit_tracker,Z:\PGDBA Content\Competition\Nest 2.0\data\STUDY 21_CPID_Input Files - Anonymization\Study 21_Visit_Projection_Tracker_1_30OCT2025_NIMMASW1.xls (2)_updated.xlsx,6
Study_22,STUDY 22_CPID_Input Files - Anonymization,CPID_EDC Metrics_URSV2.0 (2)_updated.xlsx,edc_metrics,Z:\PGDBA Content\Competition\Nest 2.0\data\STUDY 22_CPID_Input Files - Anonymization\CPID_EDC Metrics_URSV2.0 (2)_updated.xlsx,44
Study_22,STUDY 22_CPID_Input Files - Anonymization,Missing LNR_Standard Metrics Input File template_updated.xlsx,missing_lab,Z:\PGDBA Content\Competition\Nest 2.0\data\STUDY 22_CPID_Input Files - Anonymization\Missing LNR_Standard Metrics Input File template_updated.xlsx,11
Study_22,STUDY 22_CPID_Input Files - Anonymization,Study 22_Compiled EDRR_updated.xlsx,edrr,Z:\PGDBA Content\Competition\Nest 2.0\data\STUDY 22_CPID_Input Files - Anonymization\Study 22_Compiled EDRR_updated.xlsx,4
Study_22,STUDY 22_CPID_Input Files - Anonymization,Study 22_eSAE Dashboard_DM_Safety_updated.xlsx,sae_dashboard,Z:\PGDBA Content\Competition\Nest 2.0\data\STUDY 22_CPID_Input Files - Anonymization\Study 22_eSAE Dashboard_DM_Safety_updated.xlsx,9
Study_22,STUDY 22_CPID_Input Files - Anonymization,Study 22_Global Missing Pages Report_updated.xlsx,missing_pages,Z:\PGDBA Content\Competition\Nest 2.0\data\STUDY 22_CPID_Input Files - Anonymization\Study 22_Global Missing Pages Report_updated.xlsx,11
Study_22,STUDY 22_CPID_Input Files - Anonymization,Study 22_GlobalCodingReport_MedDRA_updated.xlsx,meddra_coding,Z:\PGDBA Content\Competition\Nest 2.0\data\STUDY 22_CPID_Input Files - Anonymization\Study 22_GlobalCodingReport_MedDRA_updated.xlsx,10
Study_22,STUDY 22_CPID_Input Files - Anonymization,Study 22_GlobalCodingReport_WHODD_updated.xlsx,whodd_coding,Z:\PGDBA Content\Competition\Nest 2.0\data\STUDY 22_CPID_Input Files - Anonymization\Study 22_GlobalCodingReport_WHODD_updated.xlsx,10
Study_22,STUDY 22_CPID_Input Files - Anonymization,Study 22_Inactivated Page Report_updated.xlsx,inactivated,Z:\PGDBA Content\Competition\Nest 2.0\data\STUDY 22_CPID_Input Files - Anonymization\Study 22_Inactivated Page Report_updated.xlsx,8
Study_22,STUDY 22_CPID_Input Files - Anonymization,Study 22_Missing visit_updated.xlsx,visit_tracker,Z:\PGDBA Content\Competition\Nest 2.0\data\STUDY 22_CPID_Input Files - Anonymization\Study 22_Missing visit_updated.xlsx,6
Study_23,STUDY 23_CPID_Input Files - Anonymization,GlobalCodingReport_MedDRA_updated.xlsx,meddra_coding,Z:\PGDBA Content\Competition\Nest 2.0\data\STUDY 23_CPID_Input Files - Anonymization\GlobalCodingReport_MedDRA_updated.xlsx,10
Study_23,STUDY 23_CPID_Input Files - Anonymization,GlobalCodingReport_WHODD_updated.xlsx,whodd_coding,Z:\PGDBA Content\Competition\Nest 2.0\data\STUDY 23_CPID_Input Files - Anonymization\GlobalCodingReport_WHODD_updated.xlsx,10
Study_23,STUDY 23_CPID_Input Files - Anonymization,Global_Missing_Pages_Report_URSV3.0_13 Nov 25_updated.xlsx,missing_pages,Z:\PGDBA Content\Competition\Nest 2.0\data\STUDY 23_CPID_Input Files - Anonymization\Global_Missing_Pages_Report_URSV3.0_13 Nov 25_updated.xlsx,11
Study_23,STUDY 23_CPID_Input Files - Anonymization,"Inactivated Folders, Forms and Records Report_13 Nov 25_updated.xlsx",inactivated,"Z:\PGDBA Content\Competition\Nest 2.0\data\STUDY 23_CPID_Input Files - Anonymization\Inactivated Folders, Forms and Records Report_13 Nov 25_updated.xlsx",8
Study_23,STUDY 23_CPID_Input Files - Anonymization,SAE Dashboard_Standard Metrics Input file template V1.0_updated.xlsx,sae_dashboard,Z:\PGDBA Content\Competition\Nest 2.0\data\STUDY 23_CPID_Input Files - Anonymization\SAE Dashboard_Standard Metrics Input file template V1.0_updated.xlsx,9
Study_23,STUDY 23_CPID_Input Files - Anonymization,Study 23 - CPID_EDC Metrics_URSV2.0_13 Nov 25_updated.xlsx,edc_metrics,Z:\PGDBA Content\Competition\Nest 2.0\data\STUDY 23_CPID_Input Files - Anonymization\Study 23 - CPID_EDC Metrics_URSV2.0_13 Nov 25_updated.xlsx,44
Study_23,STUDY 23_CPID_Input Files - Anonymization,Study 23_Compiled_EDRR_2025_Nov_10_updated.xlsx,edrr,Z:\PGDBA Content\Competition\Nest 2.0\data\STUDY 23_CPID_Input Files - Anonymization\Study 23_Compiled_EDRR_2025_Nov_10_updated.xlsx,4
Study_23,STUDY 23_CPID_Input Files - Anonymization,Study 23_Missing_Lab_Name_and_Missing_Ranges_IDR_NICR_TRIPAASB_13NOV2025_updated.xlsx,missing_lab,Z:\PGDBA Content\Competition\Nest 2.0\data\STUDY 23_CPID_Input Files - Anonymization\Study 23_Missing_Lab_Name_and_Missing_Ranges_IDR_NICR_TRIPAASB_13NOV2025_updated.xlsx,11
Study_23,STUDY 23_CPID_Input Files - Anonymization,Study 23_Visit_Projection_Tracker_TRIPAASB_13NOV25_updated.xlsx,visit_tracker,Z:\PGDBA Content\Competition\Nest 2.0\data\STUDY 23_CPID_Input Files - Anonymization\Study 23_Visit_Projection_Tracker_TRIPAASB_13NOV25_updated.xlsx,6
Study_24,STUDY 24_CPID_Input Files - Anonymization,Compiled EDRR_updated.xlsx,edrr,Z:\PGDBA Content\Competition\Nest 2.0\data\STUDY 24_CPID_Input Files - Anonymization\Compiled EDRR_updated.xlsx,4
Study_24,STUDY 24_CPID_Input Files - Anonymization,eSAE dashboard_DM_Safety_updated.xlsx,sae_dashboard,Z:\PGDBA Content\Competition\Nest 2.0\data\STUDY 24_CPID_Input Files - Anonymization\eSAE dashboard_DM_Safety_updated.xlsx,9
Study_24,STUDY 24_CPID_Input Files - Anonymization,GlobalCodingReport_MedDRA_updated.xlsx,meddra_coding,Z:\PGDBA Content\Competition\Nest 2.0\data\STUDY 24_CPID_Input Files - Anonymization\GlobalCodingReport_MedDRA_updated.xlsx,10
Study_24,STUDY 24_CPID_Input Files - Anonymization,GlobalCodingReport_WHODD_updated.xlsx,whodd_coding,Z:\PGDBA Content\Competition\Nest 2.0\data\STUDY 24_CPID_Input Files - Anonymization\GlobalCodingReport_WHODD_updated.xlsx,10
Study_24,STUDY 24_CPID_Input Files - Anonymization,Global_Missing_Pages_Report_updated.xlsx,missing_pages,Z:\PGDBA Content\Competition\Nest 2.0\data\STUDY 24_CPID_Input Files - Anonymization\Global_Missing_Pages_Report_updated.xlsx,11
Study_24,STUDY 24_CPID_Input Files - Anonymization,Inactivated Forms and Folders_updated.xlsx,inactivated,Z:\PGDBA Content\Competition\Nest 2.0\data\STUDY 24_CPID_Input Files - Anonymization\Inactivated Forms and Folders_updated.xlsx,8
Study_24,STUDY 24_CPID_Input Files - Anonymization,Missing_Lab_Name_and_Missing_Ranges.xls_updated.xlsx,missing_lab,Z:\PGDBA Content\Competition\Nest 2.0\data\STUDY 24_CPID_Input Files - Anonymization\Missing_Lab_Name_and_Missing_Ranges.xls_updated.xlsx,11
Study_24,STUDY 24_CPID_Input Files - Anonymization,Study 24_CPID_EDC_Metrics_URSV2.0_updated.xlsx,edc_metrics,Z:\PGDBA Content\Competition\Nest 2.0\data\STUDY 24_CPID_Input Files - Anonymization\Study 24_CPID_EDC_Metrics_URSV2.0_updated.xlsx,44
Study_24,STUDY 24_CPID_Input Files - Anonymization,Visit Projection Tracker.xls_updated.xlsx,visit_tracker,Z:\PGDBA Content\Competition\Nest 2.0\data\STUDY 24_CPID_Input Files - Anonymization\Visit Projection Tracker.xls_updated.xlsx,6
Study_25,Study 25_CPID_Input Files - Anonymization,CPID_EDC_Metrics_URSV2.0_updated.xlsx,edc_metrics,Z:\PGDBA Content\Competition\Nest 2.0\data\Study 25_CPID_Input Files - Anonymization\CPID_EDC_Metrics_URSV2.0_updated.xlsx,44
Study_25,Study 25_CPID_Input Files - Anonymization,eSAE dashboard_DM_Safety 1_updated.xlsx,sae_dashboard,Z:\PGDBA Content\Competition\Nest 2.0\data\Study 25_CPID_Input Files - Anonymization\eSAE dashboard_DM_Safety 1_updated.xlsx,9
Study_25,Study 25_CPID_Input Files - Anonymization,GlobalCodingReport_MedDRA 6_updated.xlsx,meddra_coding,Z:\PGDBA Content\Competition\Nest 2.0\data\Study 25_CPID_Input Files - Anonymization\GlobalCodingReport_MedDRA 6_updated.xlsx,10
Study_25,Study 25_CPID_Input Files - Anonymization,GlobalCodingReport_WHODD 6_updated.xlsx,whodd_coding,Z:\PGDBA Content\Competition\Nest 2.0\data\Study 25_CPID_Input Files - Anonymization\GlobalCodingReport_WHODD 6_updated.xlsx,10
Study_25,Study 25_CPID_Input Files - Anonymization,Global_Missing_Pages_Report_updated.xlsx,missing_pages,Z:\PGDBA Content\Competition\Nest 2.0\data\Study 25_CPID_Input Files - Anonymization\Global_Missing_Pages_Report_updated.xlsx,11
Study_25,Study 25_CPID_Input Files - Anonymization,Inactivated forms and folder_updated.xlsx,inactivated,Z:\PGDBA Content\Competition\Nest 2.0\data\Study 25_CPID_Input Files - Anonymization\Inactivated forms and folder_updated.xlsx,8
Study_25,Study 25_CPID_Input Files - Anonymization,Missing_Lab_Name_and_Missing_Ranges_updated.xlsx,missing_lab,Z:\PGDBA Content\Competition\Nest 2.0\data\Study 25_CPID_Input Files - Anonymization\Missing_Lab_Name_and_Missing_Ranges_updated.xlsx,12
Study_25,Study 25_CPID_Input Files - Anonymization,Study 25_Compiled_EDRR_2025_Sep_24_10_52_25_updated.xlsx,edrr,Z:\PGDBA Content\Competition\Nest 2.0\data\Study 25_CPID_Input Files - Anonymization\Study 25_Compiled_EDRR_2025_Sep_24_10_52_25_updated.xlsx,4
Study_25,Study 25_CPID_Input Files - Anonymization,Visit Projection Tracker_updated.xlsx,visit_tracker,Z:\PGDBA Content\Competition\Nest 2.0\data\Study 25_CPID_Input Files - Anonymization\Visit Projection Tracker_updated.xlsx,8
Study_2,STUDY 2_CPID_Input Files - Anonymization,CPID_EDC_Metrics_URSV2.0_updated.xlsx,edc_metrics,Z:\PGDBA Content\Competition\Nest 2.0\data\STUDY 2_CPID_Input Files - Anonymization\CPID_EDC_Metrics_URSV2.0_updated.xlsx,44
Study_2,STUDY 2_CPID_Input Files - Anonymization,Inactivated_updated.xlsx,inactivated,Z:\PGDBA Content\Competition\Nest 2.0\data\STUDY 2_CPID_Input Files - Anonymization\Inactivated_updated.xlsx,8
Study_2,STUDY 2_CPID_Input Files - Anonymization,SAE Dashboard_updated.xlsx,sae_dashboard,Z:\PGDBA Content\Competition\Nest 2.0\data\STUDY 2_CPID_Input Files - Anonymization\SAE Dashboard_updated.xlsx,8
Study_2,STUDY 2_CPID_Input Files - Anonymization,Study 2_Compiled_EDRR_2025_updated.xlsx,edrr,Z:\PGDBA Content\Competition\Nest 2.0\data\STUDY 2_CPID_Input Files - Anonymization\Study 2_Compiled_EDRR_2025_updated.xlsx,4
Study_2,STUDY 2_CPID_Input Files - Anonymization,Study 2_GlobalCodingReport_Medra_updated.xlsx,meddra_coding,Z:\PGDBA Content\Competition\Nest 2.0\data\STUDY 2_CPID_Input Files - Anonymization\Study 2_GlobalCodingReport_Medra_updated.xlsx,10
Study_2,STUDY 2_CPID_Input Files - Anonymization,Study 2_GlobalCodingReport_WHOdra_updated.xlsx,whodd_coding,Z:\PGDBA Content\Competition\Nest 2.0\data\STUDY 2_CPID_Input Files - Anonymization\Study 2_GlobalCodingReport_WHOdra_updated.xlsx,10
Study_2,STUDY 2_CPID_Input Files - Anonymization,Study 2_Global_Missing_Pages_Report_20251107_updated.xlsx,missing_pages,Z:\PGDBA Content\Competition\Nest 2.0\data\STUDY 2_CPID_Input Files - Anonymization\Study 2_Global_Missing_Pages_Report_20251107_updated.xlsx,11
Study_2,STUDY 2_CPID_Input Files - Anonymization,Study 2_Missing_Lab_Name_and_Missing_Ranges.xlsx,missing_lab,Z:\PGDBA Content\Competition\Nest 2.0\data\STUDY 2_CPID_Input Files - Anonymization\Study 2_Missing_Lab_Name_and_Missing_Ranges.xlsx,11
Study_2,STUDY 2_CPID_Input Files - Anonymization,Study 2_Visit Projection Tracker.xlsx,visit_tracker,Z:\PGDBA Content\Competition\Nest 2.0\data\STUDY 2_CPID_Input Files - Anonymization\Study 2_Visit Projection Tracker.xlsx,6
Study_4,Study 4_CPID_Input Files - Anonymization,CPID_EDC Metrics_URSV2.0_updated.xlsx,edc_metrics,Z:\PGDBA Content\Competition\Nest 2.0\data\Study 4_CPID_Input Files - Anonymization\CPID_EDC Metrics_URSV2.0_updated.xlsx,44
Study_4,Study 4_CPID_Input Files - Anonymization,eSAE Dashboard DM_Safety_08Oct2025_updated.xlsx,sae_dashboard,Z:\PGDBA Content\Competition\Nest 2.0\data\Study 4_CPID_Input Files - Anonymization\eSAE Dashboard DM_Safety_08Oct2025_updated.xlsx,8
Study_4,Study 4_CPID_Input Files - Anonymization,GlobalCodingReport_MedDRA_updated.xlsx,meddra_coding,Z:\PGDBA Content\Competition\Nest 2.0\data\Study 4_CPID_Input Files - Anonymization\GlobalCodingReport_MedDRA_updated.xlsx,10
Study_4,Study 4_CPID_Input Files - Anonymization,GlobalCodingReport_WHODD_updated.xlsx,whodd_coding,Z:\PGDBA Content\Competition\Nest 2.0\data\Study 4_CPID_Input Files - Anonymization\GlobalCodingReport_WHODD_updated.xlsx,10
Study_4,Study 4_CPID_Input Files - Anonymization,Inactivated report for metrics_20Oct 2025_updated.xlsx,inactivated,Z:\PGDBA Content\Competition\Nest 2.0\data\Study 4_CPID_Input Files - Anonymization\Inactivated report for metrics_20Oct 2025_updated.xlsx,8
Study_4,Study 4_CPID_Input Files - Anonymization,Study 4_Compiled_EDRR_2025_Nov_14_13_32_27_updated.xlsx,edrr,Z:\PGDBA Content\Competition\Nest 2.0\data\Study 4_CPID_Input Files - Anonymization\Study 4_Compiled_EDRR_2025_Nov_14_13_32_27_updated.xlsx,4
Study_4,Study 4_CPID_Input Files - Anonymization,Study 4_Missing_Lab_Name_and_Missing_Ranges_IDR_14NOV2025_updated.xlsx,missing_lab,Z:\PGDBA Content\Competition\Nest 2.0\data\Study 4_CPID_Input Files - Anonymization\Study 4_Missing_Lab_Name_and_Missing_Ranges_IDR_14NOV2025_updated.xlsx,11
Study_4,Study 4_CPID_Input Files - Anonymization,Study 4_Missing_page_report_13Nov2025_updated.xlsx,missing_pages,Z:\PGDBA Content\Competition\Nest 2.0\data\Study 4_CPID_Input Files - Anonymization\Study 4_Missing_page_report_13Nov2025_updated.xlsx,11
Study_4,Study 4_CPID_Input Files - Anonymization,Study 4_Visit Projection Tracker_10NOV2025_updated.xlsx,visit_tracker,Z:\PGDBA Content\Competition\Nest 2.0\data\Study 4_CPID_Input Files - Anonymization\Study 4_Visit Projection Tracker_10NOV2025_updated.xlsx,6
Study_5,Study 5_CPID_Input Files - Anonymization,Study 5_Compiled EDRR_updated.xlsx,edrr,Z:\PGDBA Content\Competition\Nest 2.0\data\Study 5_CPID_Input Files - Anonymization\Study 5_Compiled EDRR_updated.xlsx,4
Study_5,Study 5_CPID_Input Files - Anonymization,Study 5_CPID_EDC_Metrics_URSV2.0_updated.xlsx,edc_metrics,Z:\PGDBA Content\Competition\Nest 2.0\data\Study 5_CPID_Input Files - Anonymization\Study 5_CPID_EDC_Metrics_URSV2.0_updated.xlsx,44
Study_5,Study 5_CPID_Input Files - Anonymization,Study 5_eSAE_Dashboard_DM_Safety_updated.xlsx,sae_dashboard,Z:\PGDBA Content\Competition\Nest 2.0\data\Study 5_CPID_Input Files - Anonymization\Study 5_eSAE_Dashboard_DM_Safety_updated.xlsx,9
Study_5,Study 5_CPID_Input Files - Anonymization,Study 5_Global Missing Pages_updated.xlsx,missing_pages,Z:\PGDBA Content\Competition\Nest 2.0\data\Study 5_CPID_Input Files - Anonymization\Study 5_Global Missing Pages_updated.xlsx,10
Study_5,Study 5_CPID_Input Files - Anonymization,Study 5_GlobalCodingReport_MedDRA_updated.xlsx,meddra_coding,Z:\PGDBA Content\Competition\Nest 2.0\data\Study 5_CPID_Input Files - Anonymization\Study 5_GlobalCodingReport_MedDRA_updated.xlsx,10
Study_5,Study 5_CPID_Input Files - Anonymization,Study 5_GlobalCodingReport_WHODD_updated.xlsx,whodd_coding,Z:\PGDBA Content\Competition\Nest 2.0\data\Study 5_CPID_Input Files - Anonymization\Study 5_GlobalCodingReport_WHODD_updated.xlsx,10
Study_5,Study 5_CPID_Input Files - Anonymization,Study 5_Inactivated Forms and Folders_updated.xlsx,inactivated,Z:\PGDBA Content\Competition\Nest 2.0\data\Study 5_CPID_Input Files - Anonymization\Study 5_Inactivated Forms and Folders_updated.xlsx,8
Study_5,Study 5_CPID_Input Files - Anonymization,Study 5_Missing_Lab_Name_And_Missing_Ranges_updated.xlsx,missing_lab,Z:\PGDBA Content\Competition\Nest 2.0\data\Study 5_CPID_Input Files - Anonymization\Study 5_Missing_Lab_Name_And_Missing_Ranges_updated.xlsx,10
Study_5,Study 5_CPID_Input Files - Anonymization,Study 5_Visit Projection Tracker_updated.xlsx,visit_tracker,Z:\PGDBA Content\Competition\Nest 2.0\data\Study 5_CPID_Input Files - Anonymization\Study 5_Visit Projection Tracker_updated.xlsx,6
Study_6,Study 6 _CPID_Input Files - Anonymization,Compiled_EDRR_updated.xlsx,edrr,Z:\PGDBA Content\Competition\Nest 2.0\data\Study 6 _CPID_Input Files - Anonymization\Compiled_EDRR_updated.xlsx,4
Study_6,Study 6 _CPID_Input Files - Anonymization,CPID_EDC_Metrics_URSV2.0_updated.xlsx,edc_metrics,Z:\PGDBA Content\Competition\Nest 2.0\data\Study 6 _CPID_Input Files - Anonymization\CPID_EDC_Metrics_URSV2.0_updated.xlsx,44
Study_6,Study 6 _CPID_Input Files - Anonymization,eSAE Dashboard DM_Safety 1_updated.xlsx,sae_dashboard,Z:\PGDBA Content\Competition\Nest 2.0\data\Study 6 _CPID_Input Files - Anonymization\eSAE Dashboard DM_Safety 1_updated.xlsx,9
Study_6,Study 6 _CPID_Input Files - Anonymization,GlobalCodingReport_MedDRA_updated.xlsx,meddra_coding,Z:\PGDBA Content\Competition\Nest 2.0\data\Study 6 _CPID_Input Files - Anonymization\GlobalCodingReport_MedDRA_updated.xlsx,10
Study_6,Study 6 _CPID_Input Files - Anonymization,GlobalCodingReport_WHODD_updated.xlsx,whodd_coding,Z:\PGDBA Content\Competition\Nest 2.0\data\Study 6 _CPID_Input Files - Anonymization\GlobalCodingReport_WHODD_updated.xlsx,10
Study_6,Study 6 _CPID_Input Files - Anonymization,Global_Missing_Pages_Report_updated.xlsx,missing_pages,Z:\PGDBA Content\Competition\Nest 2.0\data\Study 6 _CPID_Input Files - Anonymization\Global_Missing_Pages_Report_updated.xlsx,10
Study_6,Study 6 _CPID_Input Files - Anonymization,Inactivated forms and folder_updated.xlsx,inactivated,Z:\PGDBA Content\Competition\Nest 2.0\data\Study 6 _CPID_Input Files - Anonymization\Inactivated forms and folder_updated.xlsx,8
Study_6,Study 6 _CPID_Input Files - Anonymization,Missing_Lab_Name_and_Missing_Ranges_updated.xlsx,missing_lab,Z:\PGDBA Content\Competition\Nest 2.0\data\Study 6 _CPID_Input Files - Anonymization\Missing_Lab_Name_and_Missing_Ranges_updated.xlsx,11
Study_6,Study 6 _CPID_Input Files - Anonymization,Visit Projection Tracker_updated.xlsx,visit_tracker,Z:\PGDBA Content\Competition\Nest 2.0\data\Study 6 _CPID_Input Files - Anonymization\Visit Projection Tracker_updated.xlsx,6
Study_7,Study 7_CPID_Input Files - Anonymization,Study 7_Compiled EDRR_Standard Metrics_updated.xlsx,edrr,Z:\PGDBA Content\Competition\Nest 2.0\data\Study 7_CPID_Input Files - Anonymization\Study 7_Compiled EDRR_Standard Metrics_updated.xlsx,4
Study_7,Study 7_CPID_Input Files - Anonymization,Study 7_CPID_EDC_Metrics_URSV2.0_updated.xlsx,edc_metrics,Z:\PGDBA Content\Competition\Nest 2.0\data\Study 7_CPID_Input Files - Anonymization\Study 7_CPID_EDC_Metrics_URSV2.0_updated.xlsx,44
Study_7,Study 7_CPID_Input Files - Anonymization,Study 7_eSAE Dashboard DM_Safety_13NOV2025_updated.xlsx,sae_dashboard,Z:\PGDBA Content\Competition\Nest 2.0\data\Study 7_CPID_Input Files - Anonymization\Study 7_eSAE Dashboard DM_Safety_13NOV2025_updated.xlsx,9
Study_7,Study 7_CPID_Input Files - Anonymization,Study 7_GlobalCodingReport_medDRA_updated.xlsx,meddra_coding,Z:\PGDBA Content\Competition\Nest 2.0\data\Study 7_CPID_Input Files - Anonymization\Study 7_GlobalCodingReport_medDRA_updated.xlsx,10
Study_7,Study 7_CPID_Input Files - Anonymization,Study 7_GlobalCodingReport_whoDrug_updated.xlsx,whodd_coding,Z:\PGDBA Content\Competition\Nest 2.0\data\Study 7_CPID_Input Files - Anonymization\Study 7_GlobalCodingReport_whoDrug_updated.xlsx,10
Study_7,Study 7_CPID_Input Files - Anonymization,Study 7_Global_Missing_Pages_Report_13Nov2025_updated.xlsx,missing_pages,Z:\PGDBA Content\Competition\Nest 2.0\data\Study 7_CPID_Input Files - Anonymization\Study 7_Global_Missing_Pages_Report_13Nov2025_updated.xlsx,11
Study_7,Study 7_CPID_Input Files - Anonymization,Study 7_Inactivated pages_13Nov2025_updated.xlsx,inactivated,Z:\PGDBA Content\Competition\Nest 2.0\data\Study 7_CPID_Input Files - Anonymization\Study 7_Inactivated pages_13Nov2025_updated.xlsx,8
Study_7,Study 7_CPID_Input Files - Anonymization,Study 7_Missing_Lab_Name_and_Missing_Ranges_IDR_14NOV2025_updated.xlsx,missing_lab,Z:\PGDBA Content\Competition\Nest 2.0\data\Study 7_CPID_Input Files - Anonymization\Study 7_Missing_Lab_Name_and_Missing_Ranges_IDR_14NOV2025_updated.xlsx,11
Study_7,Study 7_CPID_Input Files - Anonymization,Study 7_Visit Projection Tracker_updated.xlsx,visit_tracker,Z:\PGDBA Content\Competition\Nest 2.0\data\Study 7_CPID_Input Files - Anonymization\Study 7_Visit Projection Tracker_updated.xlsx,6
Study_8,Study 8_CPID_Input Files - Anonymization,SAE Dashboard_Standard Metrics_13Nov2025_updated.xlsx,sae_dashboard,Z:\PGDBA Content\Competition\Nest 2.0\data\Study 8_CPID_Input Files - Anonymization\SAE Dashboard_Standard Metrics_13Nov2025_updated.xlsx,9
Study_8,Study 8_CPID_Input Files - Anonymization,Study 8_Compiled_EDRR_2025_Nov_13_20_00_17_updated.xlsx,edrr,Z:\PGDBA Content\Competition\Nest 2.0\data\Study 8_CPID_Input Files - Anonymization\Study 8_Compiled_EDRR_2025_Nov_13_20_00_17_updated.xlsx,4
Study_8,Study 8_CPID_Input Files - Anonymization,Study 8_CPID_EDC_Metrics_URSV2.0 _13Nov2025_updated.xlsx,edc_metrics,Z:\PGDBA Content\Competition\Nest 2.0\data\Study 8_CPID_Input Files - Anonymization\Study 8_CPID_EDC_Metrics_URSV2.0 _13Nov2025_updated.xlsx,44
Study_8,Study 8_CPID_Input Files - Anonymization,Study 8_GlobalCodingReport_MedDRA_13Nov2025_updated.xlsx,meddra_coding,Z:\PGDBA Content\Competition\Nest 2.0\data\Study 8_CPID_Input Files - Anonymization\Study 8_GlobalCodingReport_MedDRA_13Nov2025_updated.xlsx,10
Study_8,Study 8_CPID_Input Files - Anonymization,Study 8_GlobalCodingReport_WHODD_13Nov2025_updated.xlsx,whodd_coding,Z:\PGDBA Content\Competition\Nest 2.0\data\Study 8_CPID_Input Files - Anonymization\Study 8_GlobalCodingReport_WHODD_13Nov2025_updated.xlsx,10
Study_8,Study 8_CPID_Input Files - Anonymization,Study 8_Global_Missing_Pages_Report_URSV3.0_13Nov2025_updated.xlsx,missing_pages,Z:\PGDBA Content\Competition\Nest 2.0\data\Study 8_CPID_Input Files - Anonymization\Study 8_Global_Missing_Pages_Report_URSV3.0_13Nov2025_updated.xlsx,11
Study_8,Study 8_CPID_Input Files - Anonymization,"Study 8_Inactivated Folders, Forms and Records Report_13Nov2025_updated.xlsx",inactivated,"Z:\PGDBA Content\Competition\Nest 2.0\data\Study 8_CPID_Input Files - Anonymization\Study 8_Inactivated Folders, Forms and Records Report_13Nov2025_updated.xlsx",8
Study_8,Study 8_CPID_Input Files - Anonymization,Study 8_Missing_Lab_Name_and_Missing_Ranges_IDR_13NOV2025_updated.xlsx,missing_lab,Z:\PGDBA Content\Competition\Nest 2.0\data\Study 8_CPID_Input Files - Anonymization\Study 8_Missing_Lab_Name_and_Missing_Ranges_IDR_13NOV2025_updated.xlsx,11
Study_8,Study 8_CPID_Input Files - Anonymization,Study 8_Visit Projection Tracker_13NOV2025_updated.xlsx,visit_tracker,Z:\PGDBA Content\Competition\Nest 2.0\data\Study 8_CPID_Input Files - Anonymization\Study 8_Visit Projection Tracker_13NOV2025_updated.xlsx,6
Study_9,Study 9_CPID_Input Files - Anonymization,CPID_EDC_Metrics_URSV2.0 (1)_updated.xlsx,edc_metrics,Z:\PGDBA Content\Competition\Nest 2.0\data\Study 9_CPID_Input Files - Anonymization\CPID_EDC_Metrics_URSV2.0 (1)_updated.xlsx,44
Study_9,Study 9_CPID_Input Files - Anonymization,GlobalCodingReport _WHODrug_updated.xlsx,whodd_coding,Z:\PGDBA Content\Competition\Nest 2.0\data\Study 9_CPID_Input Files - Anonymization\GlobalCodingReport _WHODrug_updated.xlsx,10
Study_9,Study 9_CPID_Input Files - Anonymization,GlobalCodingReport_MedDRA_updated.xlsx,meddra_coding,Z:\PGDBA Content\Competition\Nest 2.0\data\Study 9_CPID_Input Files - Anonymization\GlobalCodingReport_MedDRA_updated.xlsx,10
Study_9,Study 9_CPID_Input Files - Anonymization,Global_Missing_Pages_Report_URSV3.0 (3)_updated.xlsx,missing_pages,Z:\PGDBA Content\Competition\Nest 2.0\data\Study 9_CPID_Input Files - Anonymization\Global_Missing_Pages_Report_URSV3.0 (3)_updated.xlsx,11
Study_9,Study 9_CPID_Input Files - Anonymization,Inactivated pages_updated.xlsx,inactivated,Z:\PGDBA Content\Competition\Nest 2.0\data\Study 9_CPID_Input Files - Anonymization\Inactivated pages_updated.xlsx,8
Study_9,Study 9_CPID_Input Files - Anonymization,Study 9_Compiled_EDRR_18JUL2025_updated.xlsx,edrr,Z:\PGDBA Content\Competition\Nest 2.0\data\Study 9_CPID_Input Files - Anonymization\Study 9_Compiled_EDRR_18JUL2025_updated.xlsx,4
Study_9,Study 9_CPID_Input Files - Anonymization,Study 9_eSAE Dashboard_DM_Safety_updated.xlsx,sae_dashboard,Z:\PGDBA Content\Competition\Nest 2.0\data\Study 9_CPID_Input Files - Anonymization\Study 9_eSAE Dashboard_DM_Safety_updated.xlsx,11
Study_9,Study 9_CPID_Input Files - Anonymization,Study 9_Missing_Lab_Name_and_Missing_Ranges_IDR_12NOV2025_updated.xlsx,missing_lab,Z:\PGDBA Content\Competition\Nest 2.0\data\Study 9_CPID_Input Files - Anonymization\Study 9_Missing_Lab_Name_and_Missing_Ranges_IDR_12NOV2025_updated.xlsx,11
Study_9,Study 9_CPID_Input Files - Anonymization,Study 9_Visit Projection Tracker_12NOV2025_updated.xlsx,visit_tracker,Z:\PGDBA Content\Competition\Nest 2.0\data\Study 9_CPID_Input Files - Anonymization\Study 9_Visit Projection Tracker_12NOV2025_updated.xlsx,6
