study,site_id,country,region,overall_priority,overall_risk_score,safety_risk,dq_risk,performance_risk,top_action,coordinator_synthesis,estimated_impact
Study_24,Site 888,DEU,EMEA,HIGH,0.9,HIGH,CRITICAL,CRITICAL,Route uncoded adverse events to medical coding team,"Executive Summary: Site 888 presents a high priority issue due to critical data quality concerns, with 10 incomplete visits potentially impacting the study's protocol, and a performance issue that requires immediate attention. The primary concern is the significant number of uncompleted visits, which necessitates prompt intervention to ensure compliance with the study protocol and maintain data integrity.

Top Action: Immediately address the critical data quality issues by contacting Site 888 to",Significant - Timeline or data quality at risk
Study_1,Site 17,ESP,EMEA,CRITICAL,0.912,CRITICAL,HIGH,CRITICAL,URGENT: Expedite SAE review - regulatory timeline at risk,"Executive Summary: The critical state of Site 17 is primarily due to three significant issues. First, the safety status is critical, with eight SAE reviews still pending for regulatory submission. Second, the Data Quality (DQ) has a high priority as data remains outstanding for over 157 days, attributed to a stale query issue. Lastly, performance is also critical. The primary concern is the urgent need for resolution of all these issues, with the top action being expediting",High - Immediate regulatory or patient safety impact
Study_6,Site 15,AUS,ASIA,HIGH,0.9,HIGH,CRITICAL,CRITICAL,Maintain current safety monitoring protocols,"Executive Summary: Site 15 currently operates with no immediate safety concerns (Safety: HIGH), but a critical data quality issue has arisen due to the absence of 25 CRF pages, leading to incomplete data (DQ: CRITICAL). The performance is also rated as critical. The primary concern lies in the data integrity and completeness, and the top action should be addressing the missing CRF pages to ensure accurate analysis and decision-making. Overall priority:",Significant - Timeline or data quality at risk
Study_6,Site 165,CHN,ASIA,HIGH,0.9,HIGH,CRITICAL,CRITICAL,Maintain current safety monitoring protocols,"Executive Summary: The assessment for Site 165 indicates a high overall priority due to critical data quality issues, with 28 pages missing from the required documentation, and a significant performance concern. The primary concern is the incomplete data, which may compromise the accuracy of the analysis, and the top action should be to immediately locate and include the missing 28 CRF pages to ensure data completeness.

The high safety rating suggests that no immediate safety concerns have been",Significant - Timeline or data quality at risk
Study_5,Site 2,AUS,ASIA,HIGH,0.9,HIGH,CRITICAL,CRITICAL,Maintain current safety monitoring protocols,"Executive Summary: The evaluation of Site 2 reveals a high priority status due to critical data quality issues, with 24 CRF pages missing, and a significant performance concern. The primary focus should be on resolving the data completeness issue immediately to ensure accurate assessment and maintain operational efficiency.

Top Action: Immediately locate and reinstate the missing 24 CRF pages to rectify the data completeness issue, ensuring all necessary information is available for analysis an",Significant - Timeline or data quality at risk
Study_16,Site 679,ARG,AMERICA,HIGH,0.9,HIGH,CRITICAL,CRITICAL,Maintain current safety monitoring protocols,"Executive Summary: The mission at Site 679 has a high overall priority due to critical issues in Data Quality (8 visits not completed, potential for protocol deviations) and Performance. The primary concern is the unfinished visits that may lead to risks in adhering to established protocols, potentially impacting the data collection process. Top action: Immediate attention should be given to completing all outstanding visits to minimize protocol deviation risks and ensure the integrity of data c",Significant - Timeline or data quality at risk
Study_1,Site 27,CHN,ASIA,CRITICAL,0.912,CRITICAL,HIGH,CRITICAL,URGENT: Expedite SAE review - regulatory timeline at risk,"Executive Summary: Site 27 operation presents a CRITICAL priority due to multiple safety concerns (37 SAE reviews pending regulatory submission) and a systemic issue dominating the DQ rating, coupled with critical performance issues. The primary concern is the identified systemic problem that needs immediate attention, and the top action required is a thorough review and rectification of these critical issues for the safety and efficiency of Site 27 operations.

This summary reflects the urgency",High - Immediate regulatory or patient safety impact
Study_21,Site 22,USA,AMERICA,HIGH,0.812,HIGH,HIGH,CRITICAL,URGENT: Expedite SAE review - regulatory timeline at risk,"Executive Summary: The urgency at Site 22 is high due to critical performance issues and a dominant single type of quality defect that indicates a systemic problem. The primary concern revolves around the significant impact on safety, with 48 SAE reviews pending regulatory submission. Top action should be focused on rectifying these safety and performance concerns before the regulatory submission to ensure compliance and mitigate potential risks.

Top Action: Immediately address the critical per",Significant - Timeline or data quality at risk
Study_21,Site 916,ARG,AMERICA,CRITICAL,0.912,CRITICAL,HIGH,CRITICAL,URGENT: Expedite SAE review - regulatory timeline at risk,"Executive Summary: Site 916 presents a critical situation due to an outstanding number of 41 SAE reviews awaiting regulatory submission, coupled with high DQ issues dominated by a single type, indicating a systemic problem. The primary concern is the potential safety risk posed by the pending regulatory issues, and the top action should be expediting the submission process for immediate regulatory review to ensure site safety.

Action Plan: Prioritize the prompt submission of all 41 SAE",High - Immediate regulatory or patient safety impact
Study_16,Site 678,ARG,AMERICA,HIGH,0.9,HIGH,CRITICAL,CRITICAL,Maintain current safety monitoring protocols,"Executive Summary: The Site 678 operation presents a High priority due to critical issues in Data Quality (uncompleted visits, potential protocol deviations) and Performance. The primary concern lies in the unfinished visits, posing a risk of protocol deviation. The top action required is to immediately address the missing visits to ensure compliance with established protocols and maintain optimal performance.

Top Action: Immediately complete all 11 outstanding visits to mitigate potential prot",Significant - Timeline or data quality at risk
Study_21,Site 950,BRA,AMERICA,CRITICAL,1.0,CRITICAL,CRITICAL,CRITICAL,URGENT: Expedite SAE review - regulatory timeline at risk,"Executive Summary: The critical status at Site 950 is primarily due to three main issues: a pending safety review (37 SAE reviews), stale data queries affecting Data Quality, and significant performance concerns. The primary concern is the combination of the safety and data quality issues, as resolution is necessary before any further action can be taken. Top action required is prompt submission of the safety reviews and resolution of the stale query issue to ensure regulatory compliance and mai",High - Immediate regulatory or patient safety impact
Study_6,Site 14,AUS,ASIA,HIGH,0.9,HIGH,CRITICAL,CRITICAL,Route uncoded adverse events to medical coding team,"Executive Summary: Site 14 presents a high priority issue due to critical data quality concerns, with 29 CRF pages missing, and a high safety risk as two adverse event terms require MedDRA coding. The primary concern is the data completeness issue, and the top action required is to immediately retrieve and validate the missing documentation to ensure accurate assessment and compliance.

Action: Retrieve and validate missing CRF pages for Site 14 to maintain data integrity and address data",Significant - Timeline or data quality at risk
Study_16,Site 658,ITA,EMEA,HIGH,0.9,HIGH,CRITICAL,CRITICAL,Maintain current safety monitoring protocols,"Executive Summary: The high priority status is due to a critical data quality issue and performance concerns at Site 658. Eight visits have not been completed, posing a significant risk of protocol deviations.

Primary Concern: Incomplete visits and suboptimal performance at Site 658 could compromise study results and require immediate attention to ensure protocol compliance. The top action should be to address the incomplete visits and implement measures to improve site performance.",Significant - Timeline or data quality at risk
Study_5,Site 314,NLD,EMEA,HIGH,0.9,HIGH,CRITICAL,CRITICAL,Maintain current safety monitoring protocols,"Executive Summary: Site 314 is currently experiencing a high priority situation due to critical data being outdated for over 175 days (DQ) and performance issues. The primary concern is the stale query issue, leading to potential inaccuracies in data analysis and decision-making. Top action necessary is to promptly resolve the query problem to ensure up-to-date information and maintain optimal site performance.",Significant - Timeline or data quality at risk
Study_21,Site 1110,USA,AMERICA,CRITICAL,1.0,CRITICAL,CRITICAL,CRITICAL,URGENT: Expedite SAE review - regulatory timeline at risk,"Executive Summary: Site 1110 faces a Critical priority due to multiple pressing issues. The primary concern revolves around the safety domain, with 36 SAE reviews pending regulatory submission. Additionally, a Data Quality issue has persisted for over 97 days, attributed to a stale query problem.

Top Action: Immediate attention is required to resolve the safety and data quality concerns by expediting regulatory submissions and addressing the stale query issue to ensure operational continu",High - Immediate regulatory or patient safety impact
Study_21,Site 356,ARG,AMERICA,HIGH,0.9,HIGH,CRITICAL,CRITICAL,URGENT: Expedite SAE review - regulatory timeline at risk,"Executive Summary: The current state of Site 356 presents critical safety, quality, and performance issues. A single, systemic problem has been identified, dominating the DQ ratings.

Primary Concern: The urgent need is to address the identified systemic issue that is compromising safety, quality, and performance across multiple SAE reviews. Top Action: Immediate corrective measures should be implemented following regulatory submission, ensuring thorough resolution of this critical problem to ma",Significant - Timeline or data quality at risk
Study_24,Site 558,TUR,EMEA,HIGH,0.9,HIGH,CRITICAL,CRITICAL,Route uncoded adverse events to medical coding team,"Executive Summary: The critical data quality issue at Site 558, characterized by a dominant single issue type, has led to a systemic problem that significantly impacts the performance of the study. The primary concern is the occurrence of one adverse event requiring MedDRA coding, indicating potential safety risks.

Top Action: Immediate attention is required to address the data quality issues and ensure the safety of study participants. Implementing corrective actions to mitigate the systemic p",Significant - Timeline or data quality at risk
Study_17,Site 466,FRA,EMEA,HIGH,0.9,HIGH,CRITICAL,CRITICAL,Maintain current safety monitoring protocols,"Executive Summary: The analysis for Site 466 indicates a critical data quality (DQ) issue due to the absence of 25 pages from the required 25 CRF, potentially compromising the completeness of the data. Performance is also identified as critical. The primary concern is the incomplete data, and the top action should be to retrieve and input the missing pages to ensure accurate assessment and compliance. Overall priority: HIGH.

This summary emphasizes that the missing",Significant - Timeline or data quality at risk
Study_21,Site 175,ARG,AMERICA,CRITICAL,0.912,CRITICAL,HIGH,CRITICAL,URGENT: Expedite SAE review - regulatory timeline at risk,"Executive Summary: Site 175 presents a critical situation with multiple safety concerns (30 SAE reviews pending regulatory submission) and a high-risk quality issue, where a single problem type dominates and a systemic problem has been identified. The primary concern is the severe impact on safety and performance. Top action should be focused on addressing these critical issues to ensure immediate compliance with regulations and mitigate potential risks.

Primary Concern: Severe safety and perfo",High - Immediate regulatory or patient safety impact
Study_16,Site 741,CHN,ASIA,HIGH,0.9,HIGH,CRITICAL,CRITICAL,Maintain current safety monitoring protocols,"Executive Summary:
The operational status of Site 741 indicates a high overall priority, with critical data quality and performance issues identified. The primary concern is the performance anomaly, which requires immediate attention to ensure optimal functionality and efficiency.

Top Action: Addressing the performance issue should be the immediate focus for Site 741 management to maintain operational excellence and prevent potential future complications.",Significant - Timeline or data quality at risk
