study,site_id,country,region,priority,subject_count,high_risk_count,avg_dqi_score,top_issue,top_recommendation,ai_insight
Study_1,Site 17,ESP,EMEA,CRITICAL,3,2,0.516,sae_pending_count,Schedule urgent site quality call within 48 hours,"Given the critical data quality issue (DQI Score: 0.516) at Site 17 in ESP for Study_1, immediate attention is required to address the identified risks. The top issues include a high number of SAEs pending (8 instances), uncoded MEDDRA counts (4 instances), missing visits (2 instances), and numerous missing pages (16 instances).

To effectively mitigate these problems, it is recommended to:
1. Prioritize the review and resolution of all outstanding SAEs.
2. Ensure proper coding of MEDDRA terms b"
Study_16,Site 674,DEU,EMEA,CRITICAL,2,2,0.497,sae_pending_count,Schedule urgent site quality call within 48 hours,"Given the CRITICAL risk level and DQI score of 0.497 for Site 674 in DEU during Study_16, it is imperative to address the identified issues promptly to maintain data quality. The top issues include pending SAEs, missing visits, missing pages, open EDRR issues, and numerous inactivated forms.

To immediately improve the situation, prioritize resolving pending SAEs by ensuring their timely reporting and closure. Address missing visit and page issues by contacting study staff to collect outstanding"
Study_16,Site 759,TUR,EMEA,CRITICAL,1,1,0.444,sae_pending_count,Schedule urgent site quality call within 48 hours,"Given the CRITICAL risk level and DQI score of 0.444 for Site 759 in TUR for Study_16, immediate attention is required. The top issues include a high number of lab issues (41 instances), SAEs pending (2 instances), missing pages (1 instance), EDCC open issues (8 instances), and inactivated forms (4 instances).

To mitigate these critical issues, prioritize resolving lab inconsistencies by verifying data entry procedures, ensuring proper sample handling, and seeking feedback from the local lab pe"
Study_1,Site 4,FRA,EMEA,CRITICAL,2,2,0.346,sae_pending_count,Schedule urgent site quality call within 48 hours,"Given the CRITICAL DQI score for Site 4 in FRA for Study_1, it is imperative to address the identified issues promptly to ensure data quality. The top priority should be resolving the outstanding SAEs (1 instance), ensuring all missing pages (20 instances) are located and provided, addressing lab issues (10 instances), and closing open EDCRR issues (1 instance). Additionally, it is crucial to reactivate 78 inactivated forms for complete data collection. Immediate action from the site team, inclu"
Study_1,Site 27,CHN,ASIA,CRITICAL,3,2,0.343,sae_pending_count,Schedule urgent site quality call within 48 hours,"Given the critical data quality issue (DQI Score: 0.343) at Site 27 in CHN for Study_1, it is recommended to prioritize addressing outstanding safety issues (SAE pending count: 40 instances) and missing or uncoded adverse events (uncoded MedDRA count: 2 instances, uncoded WHODD count: 2 instances). The immediate next steps should include a site-level review of the SAE documentation and adherence to the study's standard operating procedures for coding and reporting adverse events. Additionally, e"
Study_24,Site 888,DEU,EMEA,CRITICAL,23,15,0.319,sae_pending_count,Schedule urgent site quality call within 48 hours,
Study_11,Site 417,ITA,EMEA,CRITICAL,1,1,0.297,sae_pending_count,Schedule urgent site quality call within 48 hours,
Study_16,Site 693,MYS,ASIA,CRITICAL,2,1,0.275,sae_pending_count,Schedule urgent site quality call within 48 hours,
Study_16,Site 637,BEL,EMEA,CRITICAL,8,4,0.248,sae_pending_count,Schedule urgent site quality call within 48 hours,
Study_24,Site 2183,CHN,ASIA,CRITICAL,6,3,0.243,sae_pending_count,Schedule urgent site quality call within 48 hours,
Study_16,Site 720,KOR,ASIA,CRITICAL,3,2,0.243,sae_pending_count,Schedule urgent site quality call within 48 hours,
Study_1,Site 23,USA,AMERICA,CRITICAL,3,2,0.236,sae_pending_count,Schedule urgent site quality call within 48 hours,
Study_11,Site 157,GBR,EMEA,CRITICAL,1,1,0.233,sae_pending_count,Schedule urgent site quality call within 48 hours,
Study_16,Site 742,CHN,ASIA,CRITICAL,8,6,0.229,sae_pending_count,Schedule urgent site quality call within 48 hours,
Study_1,Site 19,USA,AMERICA,CRITICAL,5,2,0.211,sae_pending_count,Schedule urgent site quality call within 48 hours,
Study_24,Site 10,HKG,ASIA,CRITICAL,7,2,0.211,sae_pending_count,Schedule urgent site quality call within 48 hours,
Study_7,Site 14,CHN,ASIA,CRITICAL,11,4,0.204,sae_pending_count,Schedule urgent site quality call within 48 hours,
Study_16,Site 701,AUS,ASIA,CRITICAL,7,3,0.196,sae_pending_count,Schedule urgent site quality call within 48 hours,
Study_21,Site 1314,CHN,ASIA,CRITICAL,2,2,0.183,sae_pending_count,Schedule urgent site quality call within 48 hours,
Study_21,Site 1179,USA,AMERICA,CRITICAL,1,1,0.183,sae_pending_count,Schedule urgent site quality call within 48 hours,
Study_21,Site 1618,TUR,EMEA,CRITICAL,3,3,0.183,sae_pending_count,Schedule urgent site quality call within 48 hours,
Study_24,Site 2030,USA,AMERICA,CRITICAL,9,4,0.183,sae_pending_count,Schedule urgent site quality call within 48 hours,
Study_1,Site 21,USA,AMERICA,CRITICAL,3,1,0.183,sae_pending_count,Schedule urgent site quality call within 48 hours,
Study_24,Site 875,DEU,EMEA,CRITICAL,23,6,0.18,sae_pending_count,Schedule urgent site quality call within 48 hours,
Study_8,Site 381,DEU,EMEA,CRITICAL,5,2,0.18,sae_pending_count,Schedule urgent site quality call within 48 hours,
Study_24,Site 50,KOR,ASIA,CRITICAL,19,4,0.178,sae_pending_count,Schedule urgent site quality call within 48 hours,
Study_16,Site 661,ITA,EMEA,CRITICAL,8,3,0.177,sae_pending_count,Schedule urgent site quality call within 48 hours,
Study_2,Site 41,CHN,ASIA,CRITICAL,2,1,0.177,sae_pending_count,Schedule urgent site quality call within 48 hours,
Study_16,Site 757,TUR,EMEA,CRITICAL,11,3,0.175,sae_pending_count,Schedule urgent site quality call within 48 hours,
Study_22,Site 1712,CZE,EMEA,CRITICAL,4,1,0.163,sae_pending_count,Schedule urgent site quality call within 48 hours,
Study_16,Site 682,ARG,AMERICA,CRITICAL,8,3,0.161,sae_pending_count,Schedule urgent site quality call within 48 hours,
Study_16,Site 753,CHN,ASIA,CRITICAL,4,1,0.16,sae_pending_count,Schedule urgent site quality call within 48 hours,
Study_1,Site 15,ESP,EMEA,CRITICAL,16,5,0.154,sae_pending_count,Schedule urgent site quality call within 48 hours,
Study_16,Site 602,USA,AMERICA,CRITICAL,22,5,0.152,sae_pending_count,Schedule urgent site quality call within 48 hours,
Study_21,Site 341,USA,AMERICA,CRITICAL,4,3,0.15,sae_pending_count,Schedule urgent site quality call within 48 hours,
Study_21,Site 1138,USA,AMERICA,CRITICAL,4,2,0.146,sae_pending_count,Schedule urgent site quality call within 48 hours,
Study_21,Site 1529,POL,EMEA,CRITICAL,3,2,0.139,sae_pending_count,Schedule urgent site quality call within 48 hours,
Study_21,Site 1570,ZAF,EMEA,CRITICAL,4,3,0.138,sae_pending_count,Schedule urgent site quality call within 48 hours,
Study_21,Site 1096,USA,AMERICA,CRITICAL,4,3,0.138,sae_pending_count,Schedule urgent site quality call within 48 hours,
Study_21,Site 1180,USA,AMERICA,CRITICAL,24,16,0.136,sae_pending_count,Schedule urgent site quality call within 48 hours,
Study_8,Site 372,FRA,EMEA,CRITICAL,7,1,0.134,sae_pending_count,Schedule urgent site quality call within 48 hours,
Study_11,Site 493,DEU,EMEA,CRITICAL,5,1,0.132,sae_pending_count,Schedule urgent site quality call within 48 hours,
Study_21,Site 1059,USA,AMERICA,CRITICAL,3,1,0.127,sae_pending_count,Schedule urgent site quality call within 48 hours,
Study_8,Site 317,ZAF,EMEA,CRITICAL,11,1,0.123,sae_pending_count,Schedule urgent site quality call within 48 hours,
Study_21,Site 834,ITA,EMEA,CRITICAL,3,2,0.122,sae_pending_count,Schedule urgent site quality call within 48 hours,
Study_21,Site 1000,NOR,EMEA,CRITICAL,3,2,0.122,sae_pending_count,Schedule urgent site quality call within 48 hours,
Study_21,Site 1336,AUS,ASIA,CRITICAL,5,3,0.12,sae_pending_count,Schedule urgent site quality call within 48 hours,
Study_24,Site 113,CHN,ASIA,CRITICAL,23,2,0.117,sae_pending_count,Schedule urgent site quality call within 48 hours,
Study_11,Site 482,FRA,EMEA,CRITICAL,4,2,0.117,sae_pending_count,Schedule urgent site quality call within 48 hours,
Study_22,Site 1044,USA,AMERICA,CRITICAL,2,1,0.117,sae_pending_count,Schedule urgent site quality call within 48 hours,
Study_21,Site 1250,USA,AMERICA,CRITICAL,2,1,0.117,sae_pending_count,Schedule urgent site quality call within 48 hours,
Study_24,Site 558,TUR,EMEA,HIGH,1,1,0.459,uncoded_meddra_count,Schedule urgent site quality call within 48 hours,"Given the high DQI score of 0.459 for Site 558 in TUR during Study_24, it's crucial to address the identified issues promptly to maintain data quality. The top concerns include numerous lab issues (70 instances), uncoded MEDDRA and WHODD counts, missing visits, and pages.

Immediate next steps should involve a thorough review of lab results for accuracy and completeness, with a focus on coding lab findings according to the MEDDRA and WHODD standards. Additionally, ensure that all missing visit d"
Study_1,Site 12,KOR,ASIA,HIGH,1,1,0.45,missing_visit_count,Schedule urgent site quality call within 48 hours,"Given the high DQI score of 0.450 for Study_1 at Site 12 in KOR, immediate attention is required to address critical issues. The top concerns include missing visit counts, pages, lab results, uncoded whodd instances, and open edrr issues.

To mitigate these risks, it's recommended that the site investigator reviews and verifies all missing data points promptly. Additionally, implementing standardized procedures for data collection and ensuring proper training for staff could help prevent similar"
Study_16,Site 628,CAN,AMERICA,HIGH,1,1,0.411,missing_visit_count,Schedule urgent site quality call within 48 hours,"Given the high risk level and the DQI score of 0.411 for Site 628 in CAN for Study_16, it is recommended to immediately address the identified issues, particularly focusing on lab errors (18 instances) and EDCC open issues (10 instances). To mitigate these critical issues, the site should prioritize improving data collection processes for laboratory results and ensure all EDCC queries are promptly resolved. Additionally, regular follow-ups with the site personnel are suggested to identify any un"
Study_16,Site 618,USA,AMERICA,HIGH,1,1,0.39,missing_visit_count,Schedule urgent site quality call within 48 hours,"Given the high risk level and DQI score of 0.390 for Site 618 in Study_16, it is recommended to prioritize immediate data quality improvement efforts. The top issues include missing visit counts, pages, open EDRR issues, and inactivated forms.

To address these concerns, initiate an urgent review of the site's data entry processes and procedures. Verify all missing visits, pages, and EDRR issues, ensure proper documentation, and rectify any discrepancies found. Additionally, monitor and reactiva"
Study_24,Site 524,ISR,EMEA,HIGH,1,1,0.388,missing_visit_count,Schedule urgent site quality call within 48 hours,"Given the high risk level and DQI score for Site 524 in ISR for Study_24, it is crucial to address the identified data quality issues promptly. The top concerns include missing visit counts, pages, lab results, and uncoded WHO-DD entries.

Immediate action steps should focus on ensuring complete and accurate data collection by reinforcing training for site staff regarding proper documentation procedures. Additionally, close collaboration with the laboratory should be initiated to resolve ongoing"
Study_16,Site 635,GRC,EMEA,HIGH,1,1,0.383,missing_visit_count,Schedule urgent site quality call within 48 hours,"Given the high risk level, urgent attention is required for Site 635 in GRC for Study_16. The primary concerns are missing visit counts, pages, open EDRR issues, and inactivated forms. To mitigate these issues, it's recommended to:

1. Verify and complete all missing visits and pages as soon as possible.
2. Address the four open EDRR issues, ensuring they are resolved promptly to maintain data integrity.
3. Investigate the reason behind the inactivated forms (7 instances) and take corrective mea"
Study_24,Site 1042,USA,AMERICA,HIGH,1,1,0.383,uncoded_meddra_count,Schedule urgent site quality call within 48 hours,"Given the high risk level and DQI score of 0.383 for Site 1042 in Study_24, it is imperative to address the identified data quality issues promptly. The primary concerns include uncoded MedDRA counts (4 instances), missing pages (12 instances), and lab issues (1 instance).

To mitigate these risks, we recommend:
1. Prioritizing the coding of all 4 uncoded MedDRA instances to ensure accurate data recording.
2. Implementing a strict protocol for documenting and submitting all study-related pages t"
Study_16,Site 662,ITA,EMEA,HIGH,1,1,0.382,missing_visit_count,Schedule urgent site quality call within 48 hours,"Given the high risk level and the DQI score of 0.382 for Site 662 in ITA for Study_16, it is recommended to prioritize addressing the identified data quality issues promptly. The top issues include missing visit counts (3 instances), missing pages counts (8 instances), open eSource Data Review and Resolution (EDRR) issues (7 instances), and inactivated forms (11 instances).

Immediate next steps should focus on ensuring complete and accurate visit and page counts, resolving all EDRR issues, and "
Study_16,Site 605,USA,AMERICA,HIGH,3,2,0.372,missing_visit_count,Schedule urgent site quality call within 48 hours,"Given the high risk level and DQI score for Site 605 in Study_16, immediate attention is required to address the identified data quality issues. The top concerns include missing visit counts, pages, open eDRR issues, and a large number of inactivated forms.

To mitigate these problems, it's recommended to:
1. Ensure complete and accurate visit counting by reinforcing protocol adherence with the site staff.
2. Address the high number of missing pages by investigating the cause and implementing co"
Study_7,Site 12,SGP,ASIA,HIGH,3,3,0.346,uncoded_meddra_count,Schedule urgent site quality call within 48 hours,"Given the high risk level and the DQI score of 0.346 for Site 12 in SGP during Study_7, it is crucial to address the identified issues promptly. The top issues include an uncoded count of 7 MedDRA instances, 25 missing pages, and 17 uncoded WHODD counts.

To mitigate these risks, I recommend:
1. Conducting an immediate review of all 3 high-risk subjects' case report forms (CRFs) for the missing pages and uncoded MedDRA and WHODD instances.
2. Provide additional training to site staff on proper c"
Study_16,Site 646,FRA,EMEA,HIGH,1,1,0.344,missing_visit_count,Schedule urgent site quality call within 48 hours,"Given the high risk level and DQI score of 0.344 for Site 646 in FRA during Study_16, it is recommended to prioritize addressing the identified data quality issues promptly. The main focus should be on reducing the number of missing visit counts (5 instances), missing pages (1 instance), open eDRR issues (3 instances), and inactivated forms (17 instances).

Immediate next steps for Site 646 include:
1. Ensuring all visits are accurately recorded to minimize missing visit count instances.
2. Comp"
Study_16,Site 638,BEL,EMEA,HIGH,1,1,0.342,missing_visit_count,Schedule urgent site quality call within 48 hours,"Given the high DQI score of 0.342 for Site 638 in BEL for Study_16, it is recommended to prioritize addressing the identified data quality issues to mitigate potential risks. The top concerns include missing visit counts (4 instances), missing pages count (1 instance), open eDRR issues (5 instances), and inactivated forms (4 instances).

Immediate next steps should involve:
1. Investigating missing visit counts, ensuring all visits are accounted for to maintain data integrity.
2. Addressing the "
Study_5,Site 314,NLD,EMEA,HIGH,1,1,0.34,missing_visit_count,Schedule urgent site quality call within 48 hours,"Given the high risk level and DQI score of 0.340 for Site 314 in NLD during Study_5, it is recommended to immediately address the identified data quality issues. The primary focus should be on improving visit compliance (missing visit count: 1 instances) and ensuring complete pages (missing pages count: 11 instances). Additionally, an investigation into the reasons behind the high number of inactivated forms (6 instances) is necessary to prevent recurrence. Immediate follow-up with the site staf"
Study_24,Site 338,USA,AMERICA,HIGH,1,1,0.339,uncoded_meddra_count,Schedule urgent site quality call within 48 hours,"Given the high risk level and DQI score of 0.339 for Site 338 in Study_24, it is crucial to address the identified data quality issues promptly. The top concerns include uncoded MedDRA counts, missing pages, lab issues, and uncoded WHODD counts.

Immediate action steps should involve:
1. Investigating and resolving the 2 instances of uncoded MedDRA counts by reviewing source documents or seeking clarification from site staff.
2. Verifying and locating the missing pages (4 instances) in the study"
Study_16,Site 659,ITA,EMEA,HIGH,2,2,0.339,missing_visit_count,Schedule urgent site quality call within 48 hours,"Given the high DQI score of 0.339 for Site 659 in ITA participating in Study_16, it is crucial to address the identified issues promptly to ensure data quality. The primary concerns include missing visit counts, pages, uncoded whodd counts, open edrr issues, and numerous inactivated forms.

Immediate next steps should involve re-evaluating data collection processes to minimize missing data instances. Ensuring all visits, pages, and WHODD entries are properly documented will improve data integrit"
Study_16,Site 672,DEU,EMEA,HIGH,1,1,0.336,missing_visit_count,Schedule urgent site quality call within 48 hours,
Study_16,Site 649,ESP,EMEA,HIGH,1,1,0.336,missing_visit_count,Schedule urgent site quality call within 48 hours,
Study_16,Site 741,CHN,ASIA,HIGH,2,2,0.321,missing_visit_count,Schedule urgent site quality call within 48 hours,
Study_8,Site 432,GBR,EMEA,HIGH,1,1,0.319,missing_visit_count,Schedule urgent site quality call within 48 hours,
Study_16,Site 679,ARG,AMERICA,HIGH,4,4,0.319,missing_visit_count,Schedule urgent site quality call within 48 hours,
Study_24,Site 327,USA,AMERICA,HIGH,2,2,0.318,uncoded_meddra_count,Schedule urgent site quality call within 48 hours,
Study_6,Site 15,AUS,ASIA,HIGH,4,3,0.318,missing_visit_count,Schedule urgent site quality call within 48 hours,
Study_17,Site 466,FRA,EMEA,HIGH,4,2,0.315,missing_visit_count,Schedule urgent site quality call within 48 hours,
Study_19,Site 779,ISR,EMEA,HIGH,1,1,0.309,missing_visit_count,Schedule urgent site quality call within 48 hours,
Study_16,Site 641,BEL,EMEA,HIGH,1,1,0.306,missing_visit_count,Schedule urgent site quality call within 48 hours,
Study_19,Site 417,KOR,ASIA,HIGH,3,2,0.302,uncoded_meddra_count,Schedule urgent site quality call within 48 hours,
Study_13,Site 110,AUS,ASIA,HIGH,1,1,0.302,missing_pages_count,Schedule urgent site quality call within 48 hours,
Study_17,Site 325,USA,AMERICA,HIGH,2,2,0.302,uncoded_meddra_count,Schedule urgent site quality call within 48 hours,
Study_1,Site 6,AUT,EMEA,HIGH,2,1,0.301,missing_visit_count,Schedule urgent site quality call within 48 hours,
Study_19,Site 467,AUS,ASIA,HIGH,1,1,0.3,missing_visit_count,Schedule urgent site quality call within 48 hours,
Study_16,Site 671,DEU,EMEA,HIGH,3,2,0.298,missing_visit_count,Schedule urgent site quality call within 48 hours,
Study_19,Site 155,TWN,ASIA,HIGH,2,2,0.298,missing_visit_count,Schedule urgent site quality call within 48 hours,
Study_17,Site 15,CAN,AMERICA,HIGH,2,1,0.297,missing_visit_count,Schedule urgent site quality call within 48 hours,
Study_5,Site 313,CHE,EMEA,HIGH,1,1,0.297,missing_pages_count,Schedule urgent site quality call within 48 hours,
Study_24,Site 259,AUS,ASIA,HIGH,3,3,0.297,uncoded_meddra_count,Schedule urgent site quality call within 48 hours,
Study_6,Site 351,TWN,ASIA,HIGH,3,2,0.296,missing_visit_count,Schedule urgent site quality call within 48 hours,
Study_24,Site 884,DEU,EMEA,HIGH,4,3,0.295,uncoded_meddra_count,Schedule urgent site quality call within 48 hours,
Study_6,Site 165,CHN,ASIA,HIGH,4,2,0.293,missing_visit_count,Schedule urgent site quality call within 48 hours,
Study_16,Site 678,ARG,AMERICA,HIGH,4,3,0.292,missing_visit_count,Schedule urgent site quality call within 48 hours,
Study_24,Site 887,DEU,EMEA,HIGH,2,2,0.288,uncoded_meddra_count,Schedule urgent site quality call within 48 hours,
Study_20,Site 47,AUS,ASIA,HIGH,1,1,0.287,uncoded_meddra_count,Schedule urgent site quality call within 48 hours,
Study_24,Site 1791,ISR,EMEA,HIGH,3,2,0.283,uncoded_meddra_count,Schedule urgent site quality call within 48 hours,
Study_19,Site 113,PRK,Unknown,HIGH,4,1,0.278,uncoded_meddra_count,Schedule urgent site quality call within 48 hours,
Study_10,Site 29,USA,AMERICA,HIGH,1,1,0.278,missing_visit_count,Schedule urgent site quality call within 48 hours,
Study_24,Site 883,DEU,EMEA,HIGH,3,1,0.277,missing_visit_count,Schedule urgent site quality call within 48 hours,
Study_16,Site 709,JPN,ASIA,HIGH,2,2,0.276,missing_visit_count,Schedule urgent site quality call within 48 hours,
Study_16,Site 640,BEL,EMEA,HIGH,5,3,0.275,missing_visit_count,Schedule urgent site quality call within 48 hours,
Study_5,Site 14,AUT,EMEA,HIGH,1,1,0.273,missing_pages_count,Schedule urgent site quality call within 48 hours,
Study_19,Site 493,ISR,EMEA,HIGH,3,2,0.272,missing_visit_count,Schedule urgent site quality call within 48 hours,
Study_19,Site 109,AUS,ASIA,HIGH,5,3,0.27,uncoded_meddra_count,Schedule urgent site quality call within 48 hours,
Study_24,Site 2163,IND,ASIA,HIGH,2,1,0.268,uncoded_meddra_count,Schedule urgent site quality call within 48 hours,
Study_20,Site 87,ITA,EMEA,HIGH,1,1,0.265,missing_pages_count,Schedule urgent site quality call within 48 hours,
Study_16,Site 694,MYS,ASIA,HIGH,4,3,0.265,missing_visit_count,Schedule urgent site quality call within 48 hours,
Study_5,Site 2,AUS,ASIA,HIGH,5,3,0.262,missing_visit_count,Schedule urgent site quality call within 48 hours,
Study_5,Site 288,ISR,EMEA,HIGH,1,1,0.262,missing_pages_count,Schedule urgent site quality call within 48 hours,
Study_16,Site 696,AUS,ASIA,HIGH,4,3,0.258,missing_visit_count,Schedule urgent site quality call within 48 hours,
Study_5,Site 310,GBR,EMEA,HIGH,1,1,0.258,missing_pages_count,Schedule urgent site quality call within 48 hours,
Study_24,Site 5,TUR,EMEA,HIGH,3,1,0.257,missing_visit_count,Schedule urgent site quality call within 48 hours,
Study_8,Site 425,ROU,EMEA,HIGH,1,1,0.257,missing_visit_count,Schedule urgent site quality call within 48 hours,
Study_16,Site 658,ITA,EMEA,HIGH,4,3,0.257,missing_visit_count,Schedule urgent site quality call within 48 hours,
Study_1,Site 7,ISR,EMEA,HIGH,1,1,0.256,missing_pages_count,Schedule urgent site quality call within 48 hours,
Study_16,Site 625,CAN,AMERICA,HIGH,3,2,0.255,missing_visit_count,Schedule urgent site quality call within 48 hours,
Study_19,Site 782,USA,AMERICA,HIGH,4,1,0.255,uncoded_meddra_count,Schedule urgent site quality call within 48 hours,
Study_24,Site 2178,TUR,EMEA,HIGH,3,2,0.254,missing_pages_count,Schedule urgent site quality call within 48 hours,
Study_5,Site 274,FRA,EMEA,HIGH,1,1,0.252,missing_pages_count,Schedule urgent site quality call within 48 hours,
Study_6,Site 194,JPN,ASIA,HIGH,2,1,0.252,uncoded_meddra_count,Schedule urgent site quality call within 48 hours,
Study_6,Site 168,CHN,ASIA,HIGH,1,1,0.252,missing_pages_count,Schedule urgent site quality call within 48 hours,
Study_14,Site 502,CAN,AMERICA,HIGH,2,1,0.25,uncoded_meddra_count,Schedule urgent site quality call within 48 hours,
Study_24,Site 2170,TUR,EMEA,HIGH,4,1,0.25,uncoded_meddra_count,Schedule urgent site quality call within 48 hours,
Study_24,Site 28,AUS,ASIA,HIGH,4,2,0.25,uncoded_meddra_count,Schedule urgent site quality call within 48 hours,
Study_6,Site 345,JPN,ASIA,HIGH,1,1,0.249,missing_pages_count,Schedule urgent site quality call within 48 hours,
Study_16,Site 654,HRV,EMEA,HIGH,4,3,0.249,missing_visit_count,Schedule urgent site quality call within 48 hours,
Study_24,Site 2188,ISR,EMEA,HIGH,3,1,0.248,missing_visit_count,Schedule urgent site quality call within 48 hours,
Study_16,Site 642,FRA,EMEA,HIGH,2,1,0.247,missing_visit_count,Schedule urgent site quality call within 48 hours,
Study_16,Site 599,USA,AMERICA,HIGH,2,1,0.247,missing_visit_count,Schedule urgent site quality call within 48 hours,
Study_5,Site 298,SVK,EMEA,HIGH,1,1,0.246,missing_pages_count,Schedule urgent site quality call within 48 hours,
Study_16,Site 623,CAN,AMERICA,HIGH,2,1,0.246,missing_visit_count,Schedule urgent site quality call within 48 hours,
Study_24,Site 6,TUR,EMEA,HIGH,3,2,0.246,missing_pages_count,Schedule urgent site quality call within 48 hours,
Study_22,Site 1792,ROU,EMEA,HIGH,1,0,0.245,missing_visit_count,Schedule urgent site quality call within 48 hours,
Study_17,Site 775,ESP,EMEA,HIGH,1,0,0.244,missing_pages_count,Schedule urgent site quality call within 48 hours,
Study_24,Site 2186,CHN,ASIA,HIGH,5,3,0.244,missing_visit_count,Schedule urgent site quality call within 48 hours,
Study_24,Site 522,DEU,EMEA,HIGH,3,1,0.242,missing_visit_count,Schedule urgent site quality call within 48 hours,
Study_16,Site 633,GRC,EMEA,HIGH,2,1,0.241,missing_visit_count,Schedule urgent site quality call within 48 hours,
Study_24,Site 2177,TUR,EMEA,HIGH,4,2,0.24,uncoded_meddra_count,Schedule urgent site quality call within 48 hours,
Study_24,Site 326,USA,AMERICA,HIGH,4,3,0.24,missing_visit_count,Schedule urgent site quality call within 48 hours,
Study_6,Site 352,JPN,ASIA,HIGH,1,0,0.237,missing_pages_count,Schedule urgent site quality call within 48 hours,
Study_24,Site 2171,TUR,EMEA,HIGH,3,2,0.236,missing_pages_count,Schedule urgent site quality call within 48 hours,
Study_16,Site 706,JPN,ASIA,HIGH,3,1,0.236,missing_visit_count,Schedule urgent site quality call within 48 hours,
Study_24,Site 110,HKG,ASIA,HIGH,1,0,0.236,missing_pages_count,Schedule urgent site quality call within 48 hours,
Study_16,Site 745,CHN,ASIA,HIGH,7,5,0.235,missing_visit_count,Schedule urgent site quality call within 48 hours,
Study_16,Site 669,DEU,EMEA,HIGH,5,3,0.233,missing_visit_count,Schedule urgent site quality call within 48 hours,
Study_17,Site 7,ESP,EMEA,HIGH,2,1,0.233,missing_pages_count,Schedule urgent site quality call within 48 hours,
Study_24,Site 953,CAN,AMERICA,HIGH,11,6,0.233,uncoded_meddra_count,Schedule urgent site quality call within 48 hours,
Study_16,Site 615,USA,AMERICA,HIGH,4,3,0.232,missing_visit_count,Schedule urgent site quality call within 48 hours,
Study_17,Site 14,CAN,AMERICA,HIGH,2,1,0.23,missing_pages_count,Schedule urgent site quality call within 48 hours,
Study_24,Site 530,PRT,EMEA,HIGH,5,1,0.228,missing_visit_count,Schedule urgent site quality call within 48 hours,
Study_16,Site 603,USA,AMERICA,HIGH,4,2,0.228,uncoded_meddra_count,Schedule urgent site quality call within 48 hours,
Study_16,Site 771,ISR,EMEA,HIGH,5,3,0.227,missing_visit_count,Schedule urgent site quality call within 48 hours,
Study_6,Site 14,AUS,ASIA,HIGH,12,4,0.226,uncoded_meddra_count,Schedule urgent site quality call within 48 hours,
Study_16,Site 684,BRA,AMERICA,HIGH,8,5,0.226,missing_visit_count,Schedule urgent site quality call within 48 hours,
Study_16,Site 652,ESP,EMEA,HIGH,1,0,0.225,missing_pages_count,Schedule urgent site quality call within 48 hours,
Study_24,Site 2176,TUR,EMEA,HIGH,4,1,0.223,missing_visit_count,Schedule urgent site quality call within 48 hours,
Study_16,Site 664,CZE,EMEA,HIGH,4,2,0.223,missing_visit_count,Schedule urgent site quality call within 48 hours,
Study_17,Site 19,USA,AMERICA,HIGH,7,1,0.222,missing_visit_count,Schedule urgent site quality call within 48 hours,
Study_16,Site 725,KOR,ASIA,HIGH,11,7,0.221,missing_visit_count,Schedule urgent site quality call within 48 hours,
Study_16,Site 634,GRC,EMEA,HIGH,1,0,0.22,missing_pages_count,Schedule urgent site quality call within 48 hours,
Study_5,Site 309,GBR,EMEA,HIGH,1,0,0.22,missing_pages_count,Schedule urgent site quality call within 48 hours,
Study_20,Site 124,NLD,EMEA,HIGH,1,0,0.219,missing_pages_count,Schedule urgent site quality call within 48 hours,
Study_24,Site 2015,USA,AMERICA,HIGH,7,2,0.217,uncoded_meddra_count,Schedule urgent site quality call within 48 hours,
Study_24,Site 2165,KOR,ASIA,HIGH,8,3,0.216,missing_visit_count,Schedule urgent site quality call within 48 hours,
Study_16,Site 620,USA,AMERICA,HIGH,2,1,0.215,missing_visit_count,Schedule urgent site quality call within 48 hours,
Study_17,Site 177,USA,AMERICA,HIGH,4,1,0.215,uncoded_meddra_count,Schedule urgent site quality call within 48 hours,
Study_24,Site 2181,TUR,EMEA,HIGH,3,1,0.215,uncoded_meddra_count,Schedule urgent site quality call within 48 hours,
Study_16,Site 675,MEX,AMERICA,HIGH,5,3,0.215,missing_visit_count,Schedule urgent site quality call within 48 hours,
Study_5,Site 311,CHE,EMEA,HIGH,1,0,0.212,missing_pages_count,Schedule urgent site quality call within 48 hours,
Study_16,Site 639,BEL,EMEA,HIGH,4,2,0.211,missing_visit_count,Schedule urgent site quality call within 48 hours,
Study_16,Site 629,CAN,AMERICA,HIGH,2,1,0.21,missing_visit_count,Schedule urgent site quality call within 48 hours,
Study_11,Site 488,FRA,EMEA,HIGH,4,1,0.21,missing_visit_count,Schedule urgent site quality call within 48 hours,
Study_16,Site 627,CAN,AMERICA,HIGH,4,2,0.209,missing_visit_count,Schedule urgent site quality call within 48 hours,
Study_16,Site 702,AUS,ASIA,HIGH,8,4,0.209,missing_visit_count,Schedule urgent site quality call within 48 hours,
Study_24,Site 2184,CHN,ASIA,HIGH,10,6,0.209,uncoded_meddra_count,Schedule urgent site quality call within 48 hours,
Study_24,Site 597,IND,ASIA,HIGH,3,0,0.208,missing_pages_count,Schedule urgent site quality call within 48 hours,
Study_16,Site 653,ESP,EMEA,HIGH,4,1,0.208,missing_visit_count,Schedule urgent site quality call within 48 hours,
Study_24,Site 955,CAN,AMERICA,HIGH,17,8,0.206,uncoded_meddra_count,Schedule urgent site quality call within 48 hours,
Study_16,Site 735,CHN,ASIA,HIGH,6,4,0.206,missing_visit_count,Schedule urgent site quality call within 48 hours,
Study_16,Site 772,ISR,EMEA,HIGH,2,1,0.205,missing_visit_count,Schedule urgent site quality call within 48 hours,
Study_17,Site 16,CAN,AMERICA,HIGH,2,0,0.204,missing_pages_count,Schedule urgent site quality call within 48 hours,
Study_6,Site 191,JPN,ASIA,HIGH,2,1,0.203,missing_pages_count,Schedule urgent site quality call within 48 hours,
Study_16,Site 632,GRC,EMEA,HIGH,3,1,0.203,missing_visit_count,Schedule urgent site quality call within 48 hours,
Study_16,Site 626,CAN,AMERICA,HIGH,1,0,0.203,missing_pages_count,Schedule urgent site quality call within 48 hours,
Study_16,Site 657,ITA,EMEA,HIGH,7,3,0.203,missing_visit_count,Schedule urgent site quality call within 48 hours,
Study_24,Site 594,USA,AMERICA,HIGH,2,1,0.202,uncoded_meddra_count,Schedule urgent site quality call within 48 hours,
Study_24,Site 469,TWN,ASIA,HIGH,2,0,0.201,missing_pages_count,Schedule urgent site quality call within 48 hours,
Study_7,Site 17,CHN,ASIA,HIGH,3,1,0.2,uncoded_meddra_count,Schedule urgent site quality call within 48 hours,
Study_16,Site 746,CHN,ASIA,HIGH,3,2,0.2,missing_visit_count,Schedule urgent site quality call within 48 hours,
Study_1,Site 22,USA,AMERICA,HIGH,1,0,0.197,missing_pages_count,Schedule urgent site quality call within 48 hours,
Study_16,Site 667,GBR,EMEA,HIGH,3,1,0.196,missing_visit_count,Schedule urgent site quality call within 48 hours,
Study_24,Site 880,DEU,EMEA,HIGH,12,4,0.196,uncoded_meddra_count,Schedule urgent site quality call within 48 hours,
Study_24,Site 2172,TUR,EMEA,HIGH,3,1,0.195,missing_pages_count,Schedule urgent site quality call within 48 hours,
Study_16,Site 606,USA,AMERICA,HIGH,6,3,0.195,missing_visit_count,Schedule urgent site quality call within 48 hours,
Study_24,Site 423,CHN,ASIA,HIGH,7,4,0.194,uncoded_meddra_count,Schedule urgent site quality call within 48 hours,
Study_19,Site 468,AUS,ASIA,HIGH,6,0,0.193,missing_pages_count,Schedule urgent site quality call within 48 hours,
Study_24,Site 1034,USA,AMERICA,HIGH,8,4,0.193,uncoded_meddra_count,Schedule urgent site quality call within 48 hours,
Study_10,Site 452,USA,AMERICA,HIGH,1,0,0.193,uncoded_meddra_count,Schedule urgent site quality call within 48 hours,
Study_24,Site 1037,USA,AMERICA,HIGH,2,1,0.193,uncoded_meddra_count,Schedule urgent site quality call within 48 hours,
Study_21,Site 1287,USA,AMERICA,HIGH,2,0,0.193,missing_visit_count,Schedule urgent site quality call within 48 hours,
Study_16,Site 650,ESP,EMEA,HIGH,2,0,0.192,missing_pages_count,Schedule urgent site quality call within 48 hours,
Study_8,Site 429,GBR,EMEA,HIGH,2,1,0.192,uncoded_meddra_count,Schedule urgent site quality call within 48 hours,
Study_16,Site 758,TUR,EMEA,HIGH,2,1,0.19,missing_visit_count,Schedule urgent site quality call within 48 hours,
Study_10,Site 463,JPN,ASIA,HIGH,4,1,0.19,uncoded_meddra_count,Schedule urgent site quality call within 48 hours,
Study_16,Site 740,CHN,ASIA,HIGH,7,4,0.189,missing_visit_count,Schedule urgent site quality call within 48 hours,
Study_24,Site 520,DEU,EMEA,HIGH,5,2,0.188,uncoded_meddra_count,Schedule urgent site quality call within 48 hours,
Study_5,Site 179,USA,AMERICA,HIGH,4,2,0.188,missing_pages_count,Schedule urgent site quality call within 48 hours,
Study_16,Site 708,JPN,ASIA,HIGH,6,3,0.187,missing_visit_count,Schedule urgent site quality call within 48 hours,
Study_19,Site 780,SGP,ASIA,HIGH,10,4,0.187,missing_visit_count,Schedule urgent site quality call within 48 hours,
Study_10,Site 79,CHN,ASIA,HIGH,1,0,0.185,missing_pages_count,Schedule urgent site quality call within 48 hours,
Study_24,Site 178,USA,AMERICA,HIGH,5,0,0.184,missing_pages_count,Schedule urgent site quality call within 48 hours,
Study_19,Site 9,FRA,EMEA,HIGH,2,0,0.183,missing_pages_count,Schedule urgent site quality call within 48 hours,
Study_16,Site 691,MYS,ASIA,HIGH,6,2,0.183,missing_visit_count,Schedule urgent site quality call within 48 hours,
Study_16,Site 751,CHN,ASIA,HIGH,2,1,0.183,missing_visit_count,Schedule urgent site quality call within 48 hours,
Study_20,Site 417,KOR,ASIA,HIGH,1,0,0.182,missing_pages_count,Schedule urgent site quality call within 48 hours,
Study_16,Site 722,KOR,ASIA,HIGH,3,1,0.181,missing_visit_count,Schedule urgent site quality call within 48 hours,
Study_16,Site 686,BRA,AMERICA,HIGH,8,2,0.18,uncoded_meddra_count,Schedule urgent site quality call within 48 hours,
Study_24,Site 425,CHN,ASIA,HIGH,1,0,0.179,missing_pages_count,Schedule urgent site quality call within 48 hours,
Study_10,Site 462,JPN,ASIA,HIGH,2,0,0.179,missing_pages_count,Schedule urgent site quality call within 48 hours,
Study_24,Site 281,DEU,EMEA,HIGH,23,7,0.178,uncoded_meddra_count,Schedule urgent site quality call within 48 hours,
Study_24,Site 1018,USA,AMERICA,HIGH,4,1,0.178,uncoded_meddra_count,Schedule urgent site quality call within 48 hours,
Study_16,Site 729,TWN,ASIA,HIGH,5,1,0.177,missing_pages_count,Schedule urgent site quality call within 48 hours,
Study_11,Site 507,ITA,EMEA,HIGH,2,1,0.177,missing_visit_count,Schedule urgent site quality call within 48 hours,
Study_5,Site 277,FRA,EMEA,HIGH,11,3,0.177,missing_visit_count,Schedule urgent site quality call within 48 hours,
Study_24,Site 2187,DEU,EMEA,HIGH,7,2,0.177,missing_visit_count,Schedule urgent site quality call within 48 hours,
Study_24,Site 952,CAN,AMERICA,HIGH,6,3,0.176,uncoded_meddra_count,Schedule urgent site quality call within 48 hours,
Study_20,Site 9,FRA,EMEA,HIGH,2,0,0.174,missing_pages_count,Schedule urgent site quality call within 48 hours,
Study_16,Site 765,IND,ASIA,HIGH,9,1,0.174,missing_pages_count,Schedule urgent site quality call within 48 hours,
Study_17,Site 776,CHE,EMEA,HIGH,3,0,0.173,missing_pages_count,Schedule urgent site quality call within 48 hours,
Study_7,Site 87,AUS,ASIA,HIGH,1,0,0.173,missing_pages_count,Schedule urgent site quality call within 48 hours,
Study_16,Site 631,GRC,EMEA,HIGH,1,0,0.172,missing_pages_count,Schedule urgent site quality call within 48 hours,
Study_24,Site 2174,TUR,EMEA,HIGH,2,0,0.172,missing_pages_count,Schedule urgent site quality call within 48 hours,
Study_5,Site 343,USA,AMERICA,HIGH,2,0,0.172,missing_pages_count,Schedule urgent site quality call within 48 hours,
Study_19,Site 781,USA,AMERICA,HIGH,1,0,0.172,missing_pages_count,Schedule urgent site quality call within 48 hours,
Study_16,Site 766,IND,ASIA,HIGH,4,0,0.171,missing_pages_count,Schedule urgent site quality call within 48 hours,
Study_5,Site 281,DEU,EMEA,HIGH,3,1,0.171,missing_pages_count,Schedule urgent site quality call within 48 hours,
Study_16,Site 734,CHN,ASIA,HIGH,3,0,0.171,uncoded_meddra_count,Schedule urgent site quality call within 48 hours,
Study_16,Site 727,TWN,ASIA,HIGH,5,2,0.171,missing_visit_count,Schedule urgent site quality call within 48 hours,
Study_24,Site 421,CHN,ASIA,HIGH,2,0,0.17,missing_pages_count,Schedule urgent site quality call within 48 hours,
Study_24,Site 525,ISR,EMEA,HIGH,4,0,0.17,missing_pages_count,Schedule urgent site quality call within 48 hours,
Study_5,Site 322,CAN,AMERICA,HIGH,11,2,0.17,missing_visit_count,Schedule urgent site quality call within 48 hours,
Study_16,Site 655,HRV,EMEA,HIGH,1,0,0.17,missing_pages_count,Schedule urgent site quality call within 48 hours,
Study_5,Site 198,JPN,ASIA,HIGH,4,1,0.17,missing_visit_count,Schedule urgent site quality call within 48 hours,
Study_10,Site 40,USA,AMERICA,HIGH,3,1,0.17,missing_visit_count,Schedule urgent site quality call within 48 hours,
Study_24,Site 2166,KOR,ASIA,HIGH,4,0,0.169,missing_pages_count,Schedule urgent site quality call within 48 hours,
Study_5,Site 19,USA,AMERICA,HIGH,2,1,0.169,missing_pages_count,Schedule urgent site quality call within 48 hours,
Study_16,Site 762,IND,ASIA,HIGH,3,0,0.169,missing_pages_count,Schedule urgent site quality call within 48 hours,
Study_16,Site 724,KOR,ASIA,HIGH,3,0,0.168,missing_pages_count,Schedule urgent site quality call within 48 hours,
Study_24,Site 2182,TUR,EMEA,HIGH,3,0,0.168,missing_pages_count,Schedule urgent site quality call within 48 hours,
Study_20,Site 353,SGP,ASIA,HIGH,5,1,0.167,uncoded_meddra_count,Schedule urgent site quality call within 48 hours,
Study_8,Site 404,DEU,EMEA,HIGH,2,0,0.167,uncoded_meddra_count,Schedule urgent site quality call within 48 hours,
Study_16,Site 683,ARG,AMERICA,HIGH,2,0,0.166,missing_pages_count,Schedule urgent site quality call within 48 hours,
Study_24,Site 876,DEU,EMEA,HIGH,6,1,0.165,uncoded_meddra_count,Schedule urgent site quality call within 48 hours,
Study_16,Site 665,GBR,EMEA,HIGH,1,0,0.165,missing_pages_count,Schedule urgent site quality call within 48 hours,
Study_13,Site 2,CAN,AMERICA,HIGH,2,1,0.165,uncoded_meddra_count,Schedule urgent site quality call within 48 hours,
Study_8,Site 361,CZE,EMEA,HIGH,4,1,0.165,missing_visit_count,Schedule urgent site quality call within 48 hours,
Study_16,Site 644,FRA,EMEA,HIGH,2,1,0.164,missing_pages_count,Schedule urgent site quality call within 48 hours,
Study_13,Site 589,ISR,EMEA,HIGH,2,0,0.164,missing_pages_count,Schedule urgent site quality call within 48 hours,
Study_16,Site 704,JPN,ASIA,HIGH,1,0,0.164,missing_pages_count,Schedule urgent site quality call within 48 hours,
Study_24,Site 963,CAN,AMERICA,HIGH,17,4,0.164,uncoded_meddra_count,Schedule urgent site quality call within 48 hours,
Study_16,Site 712,JPN,ASIA,HIGH,4,0,0.164,missing_pages_count,Schedule urgent site quality call within 48 hours,
Study_20,Site 785,USA,AMERICA,HIGH,1,0,0.164,missing_pages_count,Schedule urgent site quality call within 48 hours,
Study_8,Site 180,USA,AMERICA,HIGH,2,0,0.163,missing_pages_count,Schedule urgent site quality call within 48 hours,
Study_16,Site 643,FRA,EMEA,HIGH,2,0,0.163,missing_pages_count,Schedule urgent site quality call within 48 hours,
Study_16,Site 707,JPN,ASIA,HIGH,2,0,0.161,missing_pages_count,Schedule urgent site quality call within 48 hours,
Study_16,Site 749,CHN,ASIA,HIGH,1,0,0.161,missing_pages_count,Schedule urgent site quality call within 48 hours,
Study_16,Site 721,KOR,ASIA,HIGH,3,1,0.161,missing_visit_count,Schedule urgent site quality call within 48 hours,
Study_24,Site 2185,CHN,ASIA,HIGH,7,2,0.161,missing_visit_count,Schedule urgent site quality call within 48 hours,
Study_20,Site 783,USA,AMERICA,HIGH,2,1,0.161,missing_pages_count,Schedule urgent site quality call within 48 hours,
Study_7,Site 356,JPN,ASIA,HIGH,1,0,0.16,missing_pages_count,Schedule urgent site quality call within 48 hours,
Study_25,Site 31,ARG,AMERICA,HIGH,1,0,0.16,lab_issues_count,Schedule urgent site quality call within 48 hours,
Study_24,Site 2173,TUR,EMEA,HIGH,4,0,0.16,missing_pages_count,Schedule urgent site quality call within 48 hours,
Study_24,Site 1674,TWN,ASIA,HIGH,10,1,0.159,missing_visit_count,Schedule urgent site quality call within 48 hours,
Study_5,Site 308,GBR,EMEA,HIGH,1,0,0.159,missing_pages_count,Schedule urgent site quality call within 48 hours,
Study_10,Site 153,ITA,EMEA,HIGH,1,0,0.158,uncoded_meddra_count,Schedule urgent site quality call within 48 hours,
Study_16,Site 755,CHN,ASIA,HIGH,2,1,0.157,missing_visit_count,Schedule urgent site quality call within 48 hours,
Study_24,Site 53,KOR,ASIA,HIGH,8,0,0.157,missing_pages_count,Schedule urgent site quality call within 48 hours,
Study_11,Site 128,NLD,EMEA,HIGH,3,1,0.157,missing_visit_count,Schedule urgent site quality call within 48 hours,
Study_22,Site 1343,HRV,EMEA,HIGH,1,0,0.157,missing_pages_count,Schedule urgent site quality call within 48 hours,
Study_11,Site 24,USA,AMERICA,HIGH,1,0,0.157,missing_pages_count,Schedule urgent site quality call within 48 hours,
Study_22,Site 1913,GBR,EMEA,HIGH,1,0,0.157,missing_pages_count,Schedule urgent site quality call within 48 hours,
Study_24,Site 286,DEU,EMEA,HIGH,8,0,0.156,missing_pages_count,Schedule urgent site quality call within 48 hours,
Study_11,Site 525,ARG,AMERICA,HIGH,1,0,0.156,missing_pages_count,Schedule urgent site quality call within 48 hours,
Study_24,Site 521,DEU,EMEA,HIGH,6,1,0.155,missing_visit_count,Schedule urgent site quality call within 48 hours,
Study_16,Site 756,CHN,ASIA,HIGH,3,1,0.154,missing_visit_count,Schedule urgent site quality call within 48 hours,
Study_16,Site 768,IND,ASIA,HIGH,7,1,0.154,missing_visit_count,Schedule urgent site quality call within 48 hours,
Study_5,Site 312,CHE,EMEA,HIGH,2,1,0.153,missing_pages_count,Schedule urgent site quality call within 48 hours,
Study_16,Site 680,ARG,AMERICA,HIGH,7,1,0.152,missing_visit_count,Schedule urgent site quality call within 48 hours,
Study_5,Site 283,DEU,EMEA,HIGH,2,0,0.152,missing_pages_count,Schedule urgent site quality call within 48 hours,
Study_24,Site 1646,IND,ASIA,HIGH,3,0,0.151,missing_pages_count,Schedule urgent site quality call within 48 hours,
Study_16,Site 700,AUS,ASIA,HIGH,3,0,0.151,missing_pages_count,Schedule urgent site quality call within 48 hours,
Study_5,Site 316,ARG,AMERICA,HIGH,6,0,0.151,missing_pages_count,Schedule urgent site quality call within 48 hours,
Study_24,Site 2161,TUR,EMEA,HIGH,4,0,0.15,lab_issues_count,Schedule urgent site quality call within 48 hours,
Study_16,Site 622,USA,AMERICA,HIGH,3,0,0.15,missing_pages_count,Schedule urgent site quality call within 48 hours,
Study_24,Site 48,KOR,ASIA,HIGH,17,2,0.15,uncoded_meddra_count,Schedule urgent site quality call within 48 hours,
Study_5,Site 315,ARG,AMERICA,HIGH,3,0,0.149,missing_pages_count,Schedule urgent site quality call within 48 hours,
Study_24,Site 536,USA,AMERICA,HIGH,8,2,0.148,uncoded_meddra_count,Schedule urgent site quality call within 48 hours,
Study_24,Site 52,KOR,ASIA,HIGH,34,4,0.148,missing_visit_count,Schedule urgent site quality call within 48 hours,
Study_11,Site 155,GBR,EMEA,HIGH,1,0,0.148,missing_pages_count,Schedule urgent site quality call within 48 hours,
Study_20,Site 784,USA,AMERICA,HIGH,2,0,0.147,missing_pages_count,Schedule urgent site quality call within 48 hours,
Study_16,Site 713,JPN,ASIA,HIGH,2,0,0.147,missing_pages_count,Schedule urgent site quality call within 48 hours,
Study_24,Site 1648,IND,ASIA,HIGH,7,1,0.146,missing_visit_count,Schedule urgent site quality call within 48 hours,
Study_5,Site 338,USA,AMERICA,HIGH,11,3,0.145,missing_visit_count,Schedule urgent site quality call within 48 hours,
Study_16,Site 703,JPN,ASIA,HIGH,5,0,0.145,missing_pages_count,Schedule urgent site quality call within 48 hours,
Study_8,Site 415,ITA,EMEA,HIGH,7,0,0.144,missing_visit_count,Schedule urgent site quality call within 48 hours,
Study_16,Site 673,DEU,EMEA,HIGH,2,0,0.144,missing_pages_count,Schedule urgent site quality call within 48 hours,
Study_16,Site 747,CHN,ASIA,HIGH,4,0,0.144,missing_pages_count,Schedule urgent site quality call within 48 hours,
Study_20,Site 466,AUS,ASIA,HIGH,2,0,0.143,missing_pages_count,Schedule urgent site quality call within 48 hours,
Study_11,Site 501,DEU,EMEA,HIGH,5,0,0.143,missing_visit_count,Schedule urgent site quality call within 48 hours,
Study_5,Site 342,USA,AMERICA,HIGH,1,0,0.143,missing_pages_count,Schedule urgent site quality call within 48 hours,
Study_5,Site 259,AUS,ASIA,HIGH,1,0,0.142,missing_pages_count,Schedule urgent site quality call within 48 hours,
Study_16,Site 730,TWN,ASIA,HIGH,2,0,0.142,missing_pages_count,Schedule urgent site quality call within 48 hours,
Study_5,Site 336,USA,AMERICA,HIGH,5,1,0.142,missing_visit_count,Schedule urgent site quality call within 48 hours,
Study_16,Site 763,IND,ASIA,HIGH,2,0,0.142,missing_pages_count,Schedule urgent site quality call within 48 hours,
Study_24,Site 506,CHN,ASIA,HIGH,5,0,0.142,uncoded_meddra_count,Schedule urgent site quality call within 48 hours,
Study_16,Site 736,CHN,ASIA,HIGH,7,1,0.142,missing_visit_count,Schedule urgent site quality call within 48 hours,
Study_16,Site 699,AUS,ASIA,HIGH,7,2,0.141,missing_visit_count,Schedule urgent site quality call within 48 hours,
Study_16,Site 610,USA,AMERICA,HIGH,7,0,0.14,missing_pages_count,Schedule urgent site quality call within 48 hours,
Study_8,Site 408,GRC,EMEA,HIGH,6,1,0.14,missing_visit_count,Schedule urgent site quality call within 48 hours,
Study_17,Site 327,USA,AMERICA,HIGH,8,0,0.139,missing_visit_count,Schedule urgent site quality call within 48 hours,
Study_16,Site 717,JPN,ASIA,HIGH,3,1,0.139,missing_visit_count,Schedule urgent site quality call within 48 hours,
Study_5,Site 340,USA,AMERICA,HIGH,6,1,0.139,missing_pages_count,Schedule urgent site quality call within 48 hours,
Study_8,Site 375,FRA,EMEA,HIGH,15,4,0.139,missing_visit_count,Schedule urgent site quality call within 48 hours,
Study_5,Site 280,DEU,EMEA,HIGH,6,1,0.137,missing_pages_count,Schedule urgent site quality call within 48 hours,
Study_13,Site 598,DEU,EMEA,HIGH,1,0,0.137,missing_pages_count,Schedule urgent site quality call within 48 hours,
Study_13,Site 109,USA,AMERICA,HIGH,2,0,0.136,missing_pages_count,Schedule urgent site quality call within 48 hours,
Study_16,Site 737,CHN,ASIA,HIGH,7,0,0.136,missing_pages_count,Schedule urgent site quality call within 48 hours,
Study_16,Site 685,BRA,AMERICA,HIGH,11,2,0.135,missing_visit_count,Schedule urgent site quality call within 48 hours,
Study_5,Site 305,ESP,EMEA,HIGH,4,0,0.135,missing_pages_count,Schedule urgent site quality call within 48 hours,
Study_8,Site 417,ITA,EMEA,HIGH,4,1,0.135,missing_visit_count,Schedule urgent site quality call within 48 hours,
Study_19,Site 778,ISR,EMEA,HIGH,3,0,0.134,missing_pages_count,Schedule urgent site quality call within 48 hours,
Study_16,Site 748,CHN,ASIA,HIGH,5,1,0.134,missing_visit_count,Schedule urgent site quality call within 48 hours,
Study_24,Site 1675,TWN,ASIA,HIGH,7,1,0.133,uncoded_meddra_count,Schedule urgent site quality call within 48 hours,
Study_19,Site 777,DEU,EMEA,HIGH,3,0,0.133,missing_pages_count,Schedule urgent site quality call within 48 hours,
Study_13,Site 468,USA,AMERICA,HIGH,1,0,0.133,missing_pages_count,Schedule urgent site quality call within 48 hours,
Study_20,Site 8,CZE,EMEA,HIGH,1,0,0.133,missing_pages_count,Schedule urgent site quality call within 48 hours,
Study_5,Site 320,CAN,AMERICA,HIGH,5,2,0.133,missing_pages_count,Schedule urgent site quality call within 48 hours,
Study_7,Site 95,TWN,ASIA,HIGH,1,0,0.133,missing_pages_count,Schedule urgent site quality call within 48 hours,
Study_13,Site 125,KOR,ASIA,HIGH,1,0,0.132,missing_pages_count,Schedule urgent site quality call within 48 hours,
Study_5,Site 290,ISR,EMEA,HIGH,8,1,0.132,missing_visit_count,Schedule urgent site quality call within 48 hours,
Study_8,Site 436,MYS,ASIA,HIGH,8,1,0.132,uncoded_meddra_count,Schedule urgent site quality call within 48 hours,
Study_24,Site 2013,USA,AMERICA,HIGH,6,2,0.132,missing_visit_count,Schedule urgent site quality call within 48 hours,
Study_24,Site 503,CHN,ASIA,HIGH,4,0,0.131,missing_pages_count,Schedule urgent site quality call within 48 hours,
Study_24,Site 1673,TWN,ASIA,HIGH,5,1,0.131,uncoded_meddra_count,Schedule urgent site quality call within 48 hours,
Study_16,Site 624,CAN,AMERICA,HIGH,11,1,0.13,missing_visit_count,Schedule urgent site quality call within 48 hours,
Study_16,Site 731,TWN,ASIA,HIGH,4,0,0.13,missing_pages_count,Schedule urgent site quality call within 48 hours,
Study_24,Site 1846,PRT,EMEA,HIGH,2,0,0.13,missing_pages_count,Schedule urgent site quality call within 48 hours,
Study_8,Site 401,DEU,EMEA,HIGH,6,1,0.13,uncoded_meddra_count,Schedule urgent site quality call within 48 hours,
Study_16,Site 733,TWN,ASIA,HIGH,5,1,0.129,missing_pages_count,Schedule urgent site quality call within 48 hours,
Study_7,Site 353,SGP,ASIA,HIGH,2,0,0.129,missing_pages_count,Schedule urgent site quality call within 48 hours,
Study_5,Site 301,ESP,EMEA,HIGH,3,1,0.128,missing_pages_count,Schedule urgent site quality call within 48 hours,
Study_24,Site 426,CHN,ASIA,HIGH,8,1,0.128,uncoded_meddra_count,Schedule urgent site quality call within 48 hours,
Study_5,Site 348,CHN,ASIA,HIGH,4,0,0.127,missing_pages_count,Schedule urgent site quality call within 48 hours,
Study_13,Site 588,ISR,EMEA,HIGH,1,0,0.127,missing_pages_count,Schedule urgent site quality call within 48 hours,
Study_11,Site 476,DNK,EMEA,HIGH,2,1,0.126,missing_visit_count,Schedule urgent site quality call within 48 hours,
Study_5,Site 328,USA,AMERICA,HIGH,2,0,0.126,missing_pages_count,Schedule urgent site quality call within 48 hours,
Study_11,Site 499,DEU,EMEA,HIGH,3,0,0.126,missing_pages_count,Schedule urgent site quality call within 48 hours,
Study_24,Site 420,CHN,ASIA,HIGH,6,0,0.126,uncoded_meddra_count,Schedule urgent site quality call within 48 hours,
Study_8,Site 410,GRC,EMEA,HIGH,4,0,0.126,missing_pages_count,Schedule urgent site quality call within 48 hours,
Study_5,Site 25,JPN,ASIA,HIGH,7,2,0.126,missing_pages_count,Schedule urgent site quality call within 48 hours,
Study_22,Site 2046,USA,AMERICA,HIGH,14,4,0.124,missing_visit_count,Schedule urgent site quality call within 48 hours,
Study_24,Site 2175,TUR,EMEA,HIGH,3,1,0.124,missing_pages_count,Schedule urgent site quality call within 48 hours,
Study_8,Site 28,ARG,AMERICA,HIGH,5,0,0.124,missing_pages_count,Schedule urgent site quality call within 48 hours,
Study_16,Site 687,BRA,AMERICA,HIGH,6,1,0.124,missing_visit_count,Schedule urgent site quality call within 48 hours,
Study_6,Site 193,JPN,ASIA,HIGH,3,0,0.124,missing_pages_count,Schedule urgent site quality call within 48 hours,
Study_8,Site 389,DEU,EMEA,HIGH,5,1,0.123,missing_visit_count,Schedule urgent site quality call within 48 hours,
Study_1,Site 3,FRA,EMEA,HIGH,3,0,0.123,missing_pages_count,Schedule urgent site quality call within 48 hours,
Study_8,Site 391,DEU,EMEA,HIGH,2,1,0.123,uncoded_meddra_count,Schedule urgent site quality call within 48 hours,
Study_16,Site 752,CHN,ASIA,HIGH,2,0,0.123,missing_pages_count,Schedule urgent site quality call within 48 hours,
Study_8,Site 373,FRA,EMEA,HIGH,5,0,0.123,missing_visit_count,Schedule urgent site quality call within 48 hours,
Study_8,Site 414,ITA,EMEA,HIGH,4,0,0.123,uncoded_meddra_count,Schedule urgent site quality call within 48 hours,
Study_13,Site 87,AUS,ASIA,HIGH,1,0,0.122,missing_pages_count,Schedule urgent site quality call within 48 hours,
Study_22,Site 1961,BRA,AMERICA,HIGH,2,0,0.122,missing_visit_count,Schedule urgent site quality call within 48 hours,
Study_8,Site 365,FRA,EMEA,HIGH,16,2,0.122,missing_visit_count,Schedule urgent site quality call within 48 hours,
Study_24,Site 507,CHN,ASIA,HIGH,6,2,0.122,uncoded_meddra_count,Schedule urgent site quality call within 48 hours,
Study_22,Site 512,FRA,EMEA,HIGH,2,0,0.121,missing_visit_count,Schedule urgent site quality call within 48 hours,
Study_8,Site 388,DEU,EMEA,HIGH,1,0,0.121,missing_pages_count,Schedule urgent site quality call within 48 hours,
Study_22,Site 1794,ROU,EMEA,HIGH,2,0,0.121,missing_visit_count,Schedule urgent site quality call within 48 hours,
Study_24,Site 954,CAN,AMERICA,HIGH,2,0,0.121,missing_pages_count,Schedule urgent site quality call within 48 hours,
Study_2,Site 36,CHN,ASIA,HIGH,3,0,0.121,missing_pages_count,Schedule urgent site quality call within 48 hours,
Study_22,Site 1184,USA,AMERICA,HIGH,2,0,0.12,missing_visit_count,Schedule urgent site quality call within 48 hours,
Study_8,Site 387,DEU,EMEA,HIGH,2,0,0.12,missing_pages_count,Schedule urgent site quality call within 48 hours,
Study_8,Site 318,ZAF,EMEA,HIGH,6,0,0.12,missing_pages_count,Schedule urgent site quality call within 48 hours,
Study_8,Site 402,DEU,EMEA,HIGH,4,0,0.12,missing_pages_count,Schedule urgent site quality call within 48 hours,
Study_5,Site 327,USA,AMERICA,HIGH,4,0,0.12,missing_pages_count,Schedule urgent site quality call within 48 hours,
Study_16,Site 773,ISR,EMEA,HIGH,5,1,0.119,missing_visit_count,Schedule urgent site quality call within 48 hours,
Study_8,Site 403,DEU,EMEA,HIGH,2,0,0.119,missing_pages_count,Schedule urgent site quality call within 48 hours,
Study_5,Site 337,USA,AMERICA,HIGH,5,1,0.119,missing_visit_count,Schedule urgent site quality call within 48 hours,
Study_24,Site 1645,IND,ASIA,HIGH,2,0,0.119,lab_issues_count,Schedule urgent site quality call within 48 hours,
Study_5,Site 333,USA,AMERICA,HIGH,10,2,0.119,missing_visit_count,Schedule urgent site quality call within 48 hours,
Study_7,Site 148,TWN,ASIA,HIGH,2,0,0.118,missing_pages_count,Schedule urgent site quality call within 48 hours,
Study_7,Site 164,CHN,ASIA,HIGH,2,0,0.118,missing_pages_count,Schedule urgent site quality call within 48 hours,
Study_8,Site 431,GBR,EMEA,HIGH,3,0,0.117,missing_pages_count,Schedule urgent site quality call within 48 hours,
Study_8,Site 428,CHE,EMEA,HIGH,4,0,0.117,missing_pages_count,Schedule urgent site quality call within 48 hours,
Study_8,Site 448,IND,ASIA,HIGH,3,0,0.116,missing_pages_count,Schedule urgent site quality call within 48 hours,
Study_24,Site 2167,KOR,ASIA,HIGH,8,0,0.116,lab_issues_count,Schedule urgent site quality call within 48 hours,
Study_24,Site 2169,KOR,ASIA,HIGH,12,2,0.116,uncoded_meddra_count,Schedule urgent site quality call within 48 hours,
Study_5,Site 326,USA,AMERICA,HIGH,12,1,0.116,missing_pages_count,Schedule urgent site quality call within 48 hours,
Study_17,Site 469,ISR,EMEA,HIGH,9,0,0.116,missing_pages_count,Schedule urgent site quality call within 48 hours,
Study_8,Site 383,DEU,EMEA,HIGH,2,0,0.115,missing_pages_count,Schedule urgent site quality call within 48 hours,
Study_8,Site 444,TUR,EMEA,HIGH,2,0,0.115,missing_pages_count,Schedule urgent site quality call within 48 hours,
Study_24,Site 1,AUS,ASIA,HIGH,4,1,0.115,uncoded_meddra_count,Schedule urgent site quality call within 48 hours,
Study_8,Site 371,FRA,EMEA,HIGH,3,0,0.115,missing_pages_count,Schedule urgent site quality call within 48 hours,
Study_8,Site 376,FRA,EMEA,HIGH,11,1,0.115,missing_visit_count,Schedule urgent site quality call within 48 hours,
Study_16,Site 744,CHN,ASIA,HIGH,1,0,0.114,missing_pages_count,Schedule urgent site quality call within 48 hours,
Study_16,Site 716,JPN,ASIA,HIGH,1,0,0.114,missing_pages_count,Schedule urgent site quality call within 48 hours,
